Team,QB,RB,WR,TE,OL,Offense,IDL,EDGE,LB,S,CB,Defense,Year
Eagles,"$13,385,137 ","$10,203,112 ","$19,241,989 ","$5,509,036 ","$25,664,899 ","$74,004,173 ","$5,264,666 ","$10,241,101 ","$10,004,817 ","$6,920,158 ","$6,032,738 ","$38,463,480 ",2013
Seahawks,"$1,557,085 ","$10,799,653 ","$16,831,423 ","$12,778,788 ","$27,955,261 ","$69,922,210 ","$7,701,509 ","$25,013,832 ","$7,377,232 ","$8,579,619 ","$3,507,877 ","$52,180,069 ",2013
Titans,"$6,336,958 ","$15,376,098 ","$12,686,896 ","$6,979,500 ","$26,721,984 ","$68,101,436 ","$6,496,528 ","$8,776,293 ","$5,740,835 ","$10,777,066 ","$9,602,477 ","$41,393,199 ",2013
Broncos,"$18,716,295 ","$5,070,632 ","$10,120,554 ","$8,013,902 ","$25,652,095 ","$67,573,478 ","$6,880,138 ","$10,234,767 ","$8,030,669 ","$5,894,346 ","$17,559,225 ","$48,599,145 ",2013
Giants,"$21,998,400 ","$5,036,739 ","$8,677,626 ","$2,998,913 ","$24,235,900 ","$62,947,578 ","$5,118,995 ","$9,523,813 ","$7,916,847 ","$12,704,990 ","$11,202,110 ","$46,466,755 ",2013
Texans,"$11,756,250 ","$10,825,134 ","$14,247,672 ","$6,948,519 ","$18,690,874 ","$62,468,449 ","$15,386,734 ","$3,770,636 ","$7,593,313 ","$7,816,547 ","$16,655,776 ","$51,223,006 ",2013
Saints,"$18,193,235 ","$9,159,749 ","$11,679,433 ","$3,245,951 ","$18,150,025 ","$60,428,393 ","$6,485,380 ","$14,326,594 ","$11,034,166 ","$9,960,582 ","$11,598,369 ","$53,405,091 ",2013
Vikings,"$8,470,554 ","$15,752,460 ","$10,378,281 ","$4,582,245 ","$20,329,032 ","$59,512,572 ","$11,556,066 ","$24,552,100 ","$13,577,945 ","$5,691,438 ","$4,206,849 ","$59,584,398 ",2013
Chargers,"$15,996,516 ","$5,201,250 ","$10,926,398 ","$8,795,715 ","$17,428,226 ","$58,348,105 ","$6,241,425 ","$13,838,120 ","$4,555,052 ","$11,490,435 ","$4,839,588 ","$40,964,620 ",2013
Falcons,"$10,920,140 ","$6,293,062 ","$17,406,642 ","$6,938,146 ","$16,464,048 ","$58,022,038 ","$9,806,798 ","$8,139,270 ","$8,433,728 ","$7,249,890 ","$9,276,181 ","$42,905,867 ",2013
Lions,"$21,556,666 ","$3,987,009 ","$15,383,546 ","$4,207,277 ","$12,601,451 ","$57,735,949 ","$14,671,559 ","$7,814,297 ","$10,468,126 ","$4,758,334 ","$6,133,807 ","$43,846,123 ",2013
49ers,"$2,897,535 ","$9,182,062 ","$16,963,177 ","$10,569,598 ","$17,581,156 ","$57,193,528 ","$11,028,483 ","$10,194,288 ","$7,666,512 ","$11,326,955 ","$13,185,741 ","$53,401,979 ",2013
Jets,"$14,759,018 ","$4,154,535 ","$12,811,933 ","$2,593,765 ","$20,679,882 ","$54,999,133 ","$5,447,833 ","$4,476,989 ","$15,203,295 ","$3,028,114 ","$13,025,418 ","$41,181,649 ",2013
Packers,"$13,013,000 ","$2,429,420 ","$10,223,980 ","$11,341,695 ","$17,211,503 ","$54,219,598 ","$15,831,195 ","$12,650,974 ","$9,100,786 ","$4,969,273 ","$13,957,143 ","$56,509,371 ",2013
Patriots,"$14,603,953 ","$3,682,367 ","$8,749,814 ","$4,150,882 ","$22,775,490 ","$53,962,506 ","$15,169,500 ","$6,420,702 ","$10,801,171 ","$7,386,653 ","$8,618,787 ","$48,396,813 ",2013
Commanders,"$5,972,967 ","$2,212,882 ","$19,735,321 ","$4,645,357 ","$20,025,614 ","$52,592,141 ","$14,227,749 ","$9,152,416 ","$10,476,684 ","$4,619,719 ","$7,102,431 ","$45,578,999 ",2013
Bears,"$11,276,471 ","$12,036,166 ","$16,580,067 ","$2,495,000 ","$10,071,052 ","$52,458,756 ","$10,999,363 ","$18,744,765 ","$12,510,915 ","$3,802,254 ","$15,375,000 ","$61,432,297 ",2013
Panthers,"$7,579,454 ","$9,290,450 ","$11,041,036 ","$4,325,000 ","$18,981,126 ","$51,217,066 ","$5,096,152 ","$11,629,844 ","$12,335,911 ","$6,639,853 ","$3,244,456 ","$38,946,216 ",2013
Cardinals,"$6,172,993 ","$5,306,754 ","$15,022,466 ","$4,425,078 ","$19,171,690 ","$50,098,981 ","$20,498,000 ","$5,347,625 ","$7,964,030 ","$2,809,618 ","$10,407,900 ","$47,027,173 ",2013
Cowboys,"$13,818,982 ","$2,257,011 ","$8,120,768 ","$5,623,758 ","$19,470,710 ","$49,291,229 ","$4,133,225 ","$20,864,805 ","$7,285,429 ","$3,626,564 ","$12,623,808 ","$48,533,831 ",2013
Colts,"$8,626,545 ","$7,195,732 ","$11,908,481 ","$2,615,661 ","$18,601,449 ","$48,947,868 ","$13,140,390 ","$16,498,650 ","$4,492,779 ","$13,323,235 ","$9,596,407 ","$57,051,461 ",2013
Chiefs,"$10,708,333 ","$5,379,755 ","$8,668,150 ","$3,435,650 ","$20,708,982 ","$48,900,870 ","$13,759,289 ","$17,451,636 ","$5,081,500 ","$13,251,425 ","$13,096,878 ","$62,640,728 ",2013
Rams,"$13,705,176 ","$2,637,944 ","$5,479,738 ","$6,217,555 ","$19,240,160 ","$47,280,573 ","$9,376,091 ","$13,967,275 ","$15,711,252 ","$3,645,196 ","$17,453,159 ","$60,152,973 ",2013
Buccaneers,"$1,184,375 ","$4,644,753 ","$13,444,505 ","$2,393,504 ","$25,305,673 ","$46,972,810 ","$14,773,893 ","$5,032,152 ","$5,804,388 ","$13,033,579 ","$19,521,921 ","$58,165,933 ",2013
Steelers,"$15,393,138 ","$2,549,641 ","$8,799,844 ","$9,207,474 ","$10,836,255 ","$46,786,352 ","$12,586,770 ","$12,823,812 ","$9,155,304 ","$16,480,395 ","$11,069,889 ","$62,116,170 ",2013
Jaguars,"$8,347,588 ","$9,012,941 ","$6,832,868 ","$7,160,882 ","$14,812,080 ","$46,166,359 ","$4,612,010 ","$9,323,215 ","$13,544,999 ","$2,631,626 ","$3,572,072 ","$33,683,922 ",2013
Bengals,"$2,881,583 ","$5,750,703 ","$8,730,272 ","$5,005,166 ","$22,390,147 ","$44,757,871 ","$13,979,869 ","$24,778,885 ","$8,370,673 ","$5,834,061 ","$16,118,302 ","$69,081,790 ",2013
Ravens,"$7,381,327 ","$7,936,927 ","$7,986,810 ","$3,966,000 ","$16,354,916 ","$43,625,980 ","$17,275,372 ","$19,320,572 ","$4,593,000 ","$3,813,423 ","$10,949,281 ","$55,951,648 ",2013
Bills,"$4,663,940 ","$8,362,867 ","$8,979,223 ","$4,489,668 ","$14,455,361 ","$40,951,059 ","$16,611,040 ","$13,270,000 ","$5,414,838 ","$10,503,423 ","$7,069,748 ","$52,869,049 ",2013
Dolphins,"$5,859,205 ","$2,412,352 ","$8,242,874 ","$6,007,127 ","$17,575,011 ","$40,096,569 ","$15,944,118 ","$11,848,139 ","$9,006,508 ","$5,027,138 ","$13,351,955 ","$55,177,858 ",2013
Browns,"$4,171,299 ","$2,200,883 ","$5,666,354 ","$2,620,527 ","$23,789,034 ","$38,448,097 ","$19,697,955 ","$14,276,906 ","$7,765,000 ","$2,500,318 ","$10,928,931 ","$55,169,110 ",2013
Raiders,"$1,146,517 ","$11,735,884 ","$4,609,651 ","$1,496,363 ","$10,275,023 ","$29,263,438 ","$5,163,512 ","$2,078,750 ","$6,548,030 ","$6,752,294 ","$6,782,330 ","$27,324,916 ",2013
Falcons,"$18,576,474 ","$6,980,028 ","$17,966,288 ","$1,247,246 ","$26,480,666 ","$71,250,702 ","$14,382,019 ","$9,969,271 ","$7,666,852 ","$7,645,545 ","$5,342,576 ","$45,006,263 ",2014
Broncos,"$18,629,094 ","$2,748,063 ","$18,771,159 ","$3,669,295 ","$25,225,932 ","$69,043,543 ","$7,401,361 ","$18,552,790 ","$3,982,315 ","$7,141,122 ","$15,320,403 ","$52,397,991 ",2014
Saints,"$19,064,118 ","$5,399,617 ","$12,178,739 ","$6,269,241 ","$25,334,966 ","$68,246,681 ","$8,932,135 ","$5,228,215 ","$10,041,920 ","$9,017,368 ","$8,305,918 ","$41,525,556 ",2014
Chargers,"$17,856,766 ","$8,605,886 ","$10,851,816 ","$9,315,091 ","$19,973,727 ","$66,603,286 ","$7,275,737 ","$12,045,271 ","$6,024,227 ","$13,044,216 ","$6,186,511 ","$44,575,962 ",2014
Rams,"$19,930,000 ","$3,635,133 ","$7,489,962 ","$8,642,056 ","$26,264,010 ","$65,961,161 ","$12,047,009 ","$21,708,707 ","$13,272,617 ","$4,207,611 ","$3,599,498 ","$54,835,442 ",2014
Eagles,"$3,772,237 ","$16,415,834 ","$10,693,053 ","$5,720,045 ","$29,339,566 ","$65,940,735 ","$6,088,275 ","$17,791,018 ","$10,285,319 ","$7,603,608 ","$13,632,290 ","$55,400,510 ",2014
Bears,"$19,219,118 ","$9,580,845 ","$12,299,126 ","$7,234,947 ","$16,590,321 ","$64,924,357 ","$4,235,688 ","$14,352,349 ","$10,686,451 ","$4,434,278 ","$11,742,197 ","$45,450,963 ",2014
Dolphins,"$9,024,346 ","$5,275,190 ","$28,597,229 ","$2,453,213 ","$19,150,146 ","$64,500,124 ","$8,558,325 ","$16,269,884 ","$19,901,899 ","$7,286,117 ","$12,603,136 ","$64,619,361 ",2014
Vikings,"$10,278,077 ","$13,954,903 ","$10,289,462 ","$3,870,027 ","$24,118,962 ","$62,511,431 ","$9,823,887 ","$16,318,199 ","$13,041,933 ","$3,934,664 ","$7,924,243 ","$51,042,926 ",2014
Texans,"$4,907,663 ","$9,457,433 ","$19,869,037 ","$4,412,445 ","$22,861,050 ","$61,507,628 ","$8,117,519 ","$8,070,107 ","$8,574,142 ","$3,124,451 ","$17,795,552 ","$45,681,771 ",2014
49ers,"$6,114,325 ","$8,372,771 ","$14,014,025 ","$9,364,040 ","$22,908,605 ","$60,773,766 ","$14,858,320 ","$9,959,422 ","$14,238,165 ","$7,042,189 ","$7,623,157 ","$53,721,253 ",2014
Giants,"$21,008,400 ","$5,120,134 ","$12,922,572 ","$2,083,825 ","$19,002,962 ","$60,137,893 ","$6,171,260 ","$6,942,313 ","$14,546,482 ","$14,367,378 ","$11,998,314 ","$54,025,747 ",2014
Lions,"$17,031,668 ","$6,083,043 ","$18,606,777 ","$5,509,002 ","$11,871,158 ","$59,101,648 ","$27,994,602 ","$10,114,648 ","$13,479,446 ","$5,342,000 ","$4,023,173 ","$60,953,869 ",2014
Commanders,"$7,082,926 ","$2,678,257 ","$18,448,822 ","$3,831,981 ","$26,783,400 ","$58,825,386 ","$22,282,539 ","$15,092,287 ","$5,082,772 ","$3,143,824 ","$7,461,353 ","$53,062,775 ",2014
Jets,"$5,402,878 ","$6,138,225 ","$15,118,083 ","$3,321,133 ","$27,006,154 ","$56,986,473 ","$7,501,734 ","$7,897,645 ","$9,264,790 ","$4,571,367 ","$7,604,495 ","$36,840,031 ",2014
Titans,"$6,035,575 ","$6,896,110 ","$9,394,069 ","$8,033,603 ","$26,321,377 ","$56,680,734 ","$14,188,978 ","$9,059,903 ","$6,628,324 ","$14,007,775 ","$10,683,260 ","$54,568,240 ",2014
Patriots,"$15,446,036 ","$4,537,291 ","$13,923,556 ","$7,369,559 ","$15,395,126 ","$56,671,568 ","$10,516,902 ","$5,631,786 ","$12,844,605 ","$8,593,385 ","$15,181,481 ","$52,768,159 ",2014
Chiefs,"$8,786,939 ","$11,495,196 ","$17,692,219 ","$6,165,390 ","$12,179,435 ","$56,319,179 ","$14,297,941 ","$16,416,918 ","$7,815,650 ","$14,822,053 ","$8,579,227 ","$61,931,789 ",2014
Steelers,"$21,333,138 ","$1,669,039 ","$7,942,649 ","$7,847,766 ","$14,731,514 ","$53,524,106 ","$9,360,367 ","$13,428,435 ","$15,222,160 ","$10,751,868 ","$13,352,245 ","$62,115,075 ",2014
Bengals,"$10,928,123 ","$3,654,864 ","$10,856,116 ","$8,253,862 ","$19,718,975 ","$53,411,940 ","$16,160,671 ","$14,597,786 ","$13,702,366 ","$6,534,061 ","$17,739,200 ","$68,734,084 ",2014
Packers,"$19,273,750 ","$2,878,903 ","$9,395,943 ","$2,464,445 ","$18,882,444 ","$52,895,485 ","$7,465,236 ","$23,761,153 ","$11,140,825 ","$7,570,989 ","$19,240,070 ","$69,178,273 ",2014
Cowboys,"$12,764,666 ","$2,815,945 ","$5,655,361 ","$9,965,144 ","$21,402,763 ","$52,603,879 ","$5,927,135 ","$5,288,895 ","$10,078,315 ","$4,115,045 ","$21,287,488 ","$46,696,878 ",2014
Cardinals,"$16,676,701 ","$2,653,397 ","$14,667,325 ","$4,410,632 ","$13,774,076 ","$52,182,131 ","$25,825,251 ","$9,394,096 ","$6,943,566 ","$3,473,804 ","$16,867,423 ","$62,504,140 ",2014
Buccaneers,"$5,512,169 ","$3,929,661 ","$17,087,432 ","$4,133,809 ","$20,487,478 ","$51,150,549 ","$26,581,339 ","$14,179,861 ","$4,809,468 ","$10,665,150 ","$12,689,893 ","$68,925,711 ",2014
Jaguars,"$9,554,830 ","$6,308,882 ","$8,703,307 ","$10,592,682 ","$15,825,958 ","$50,985,659 ","$11,745,833 ","$17,144,223 ","$13,828,131 ","$2,960,477 ","$4,986,002 ","$50,664,666 ",2014
Panthers,"$8,743,113 ","$11,891,700 ","$4,162,200 ","$9,273,200 ","$16,431,582 ","$50,501,795 ","$6,505,547 ","$26,696,480 ","$9,299,071 ","$4,944,876 ","$1,839,412 ","$49,285,386 ",2014
Browns,"$2,807,980 ","$1,529,301 ","$10,771,737 ","$4,683,350 ","$30,648,671 ","$50,441,039 ","$17,269,848 ","$13,935,899 ","$7,257,125 ","$6,699,334 ","$17,398,562 ","$62,560,768 ",2014
Seahawks,"$2,227,438 ","$9,949,013 ","$6,213,265 ","$7,351,109 ","$23,339,609 ","$49,080,434 ","$11,876,832 ","$14,437,175 ","$11,003,673 ","$14,824,595 ","$6,488,073 ","$58,630,348 ",2014
Ravens,"$15,578,427 ","$1,891,185 ","$6,901,832 ","$4,991,340 ","$17,657,641 ","$47,020,425 ","$21,184,683 ","$14,137,592 ","$5,493,818 ","$5,389,608 ","$11,857,910 ","$58,063,611 ",2014
Bills,"$6,126,486 ","$11,520,979 ","$6,857,046 ","$3,098,194 ","$19,208,595 ","$46,811,300 ","$13,808,832 ","$23,537,100 ","$12,589,051 ","$7,300,537 ","$12,531,233 ","$69,766,753 ",2014
Colts,"$9,779,454 ","$4,019,936 ","$11,976,863 ","$2,894,739 ","$16,559,625 ","$45,230,617 ","$18,595,139 ","$16,302,457 ","$7,916,347 ","$7,474,934 ","$15,753,451 ","$66,042,328 ",2014
Raiders,"$9,471,691 ","$6,996,329 ","$9,015,614 ","$1,400,205 ","$17,354,097 ","$44,237,936 ","$8,198,430 ","$14,641,333 ","$5,264,934 ","$13,433,828 ","$11,631,671 ","$53,170,196 ",2014
Broncos,"$19,067,139 ","$2,115,642 ","$23,083,075 ","$7,984,142 ","$25,231,140 ","$77,481,138 ","$9,780,662 ","$21,029,315 ","$3,297,368 ","$11,305,871 ","$13,543,730 ","$58,956,946 ",2015
Vikings,"$5,245,038 ","$16,960,950 ","$15,700,531 ","$8,705,993 ","$29,660,487 ","$76,272,999 ","$10,108,617 ","$15,465,984 ","$11,870,684 ","$5,565,439 ","$14,643,487 ","$57,654,211 ",2015
Commanders,"$8,997,885 ","$3,242,342 ","$24,335,809 ","$5,451,490 ","$27,764,389 ","$69,791,915 ","$20,732,031 ","$9,316,339 ","$7,356,014 ","$6,696,517 ","$10,756,352 ","$54,857,253 ",2015
Jets,"$5,192,407 ","$6,431,875 ","$20,552,089 ","$4,191,281 ","$33,201,673 ","$69,569,325 ","$17,349,030 ","$3,696,387 ","$10,546,255 ","$8,846,076 ","$31,508,947 ","$71,946,695 ",2015
Eagles,"$17,392,354 ","$12,012,071 ","$9,224,526 ","$6,878,554 ","$23,951,203 ","$69,458,708 ","$8,704,164 ","$16,527,523 ","$8,452,587 ","$11,129,568 ","$13,900,914 ","$58,714,756 ",2015
Patriots,"$14,791,795 ","$4,340,249 ","$16,040,318 ","$12,066,813 ","$21,165,260 ","$68,404,435 ","$7,937,534 ","$12,837,644 ","$12,503,493 ","$11,471,634 ","$4,536,710 ","$49,287,015 ",2015
Chargers,"$23,002,368 ","$7,201,545 ","$8,556,430 ","$10,790,590 ","$18,814,927 ","$68,365,860 ","$13,709,705 ","$4,619,834 ","$10,188,872 ","$12,240,418 ","$9,571,186 ","$50,330,015 ",2015
Lions,"$18,498,450 ","$5,554,369 ","$25,484,600 ","$7,702,332 ","$10,416,454 ","$67,656,205 ","$12,313,980 ","$11,899,684 ","$13,578,562 ","$8,736,044 ","$5,062,376 ","$51,590,646 ",2015
Bears,"$16,725,388 ","$11,448,751 ","$12,781,274 ","$7,560,294 ","$17,921,204 ","$66,436,911 ","$5,097,132 ","$17,841,113 ","$4,210,126 ","$8,796,854 ","$6,925,380 ","$42,870,605 ",2015
Cardinals,"$11,834,168 ","$2,946,734 ","$16,186,291 ","$5,182,957 ","$29,469,242 ","$65,619,392 ","$23,944,442 ","$5,601,270 ","$9,462,857 ","$4,181,310 ","$22,409,565 ","$65,599,444 ",2015
Falcons,"$20,208,674 ","$2,086,750 ","$23,948,138 ","$2,839,587 ","$15,191,609 ","$64,274,758 ","$14,046,673 ","$11,391,348 ","$6,048,588 ","$7,655,153 ","$5,104,050 ","$44,245,812 ",2015
Panthers,"$15,429,000 ","$9,847,396 ","$8,456,702 ","$8,146,666 ","$21,230,527 ","$63,110,291 ","$6,489,428 ","$23,632,158 ","$18,067,227 ","$5,187,392 ","$4,940,895 ","$58,317,100 ",2015
Bengals,"$10,238,778 ","$4,040,770 ","$18,726,078 ","$3,962,305 ","$26,041,777 ","$63,009,708 ","$14,160,300 ","$11,753,976 ","$20,598,622 ","$8,119,150 ","$16,808,890 ","$71,440,938 ",2015
Jaguars,"$8,194,273 ","$5,564,721 ","$7,847,093 ","$16,447,200 ","$24,810,232 ","$62,863,519 ","$22,356,097 ","$12,025,078 ","$13,628,224 ","$5,375,948 ","$9,416,089 ","$62,801,436 ",2015
Saints,"$25,358,586 ","$5,692,821 ","$9,440,930 ","$3,887,942 ","$18,404,737 ","$62,785,016 ","$4,811,895 ","$5,489,433 ","$10,157,172 ","$11,168,099 ","$9,757,823 ","$41,384,422 ",2015
Giants,"$15,240,800 ","$6,883,801 ","$14,975,789 ","$1,889,705 ","$23,070,742 ","$62,060,837 ","$5,124,721 ","$13,672,478 ","$10,989,660 ","$3,336,069 ","$17,527,051 ","$50,649,979 ",2015
Packers,"$20,090,908 ","$2,917,044 ","$13,021,509 ","$3,295,825 ","$21,065,314 ","$60,390,600 ","$10,632,552 ","$35,680,871 ","$1,045,193 ","$10,790,891 ","$13,207,797 ","$71,357,304 ",2015
Ravens,"$16,944,412 ","$2,913,788 ","$9,824,791 ","$8,910,235 ","$20,756,704 ","$59,349,930 ","$6,445,633 ","$14,548,637 ","$7,764,297 ","$17,048,671 ","$7,299,764 ","$53,107,002 ",2015
Steelers,"$20,358,139 ","$3,265,082 ","$10,701,027 ","$6,131,594 ","$18,800,947 ","$59,256,789 ","$14,557,602 ","$7,727,575 ","$13,207,206 ","$5,560,650 ","$13,377,624 ","$54,430,657 ",2015
Cowboys,"$16,983,000 ","$3,636,824 ","$11,395,882 ","$8,455,213 ","$17,609,241 ","$58,080,160 ","$3,212,519 ","$16,676,513 ","$12,864,734 ","$5,252,185 ","$24,161,659 ","$62,167,610 ",2015
49ers,"$17,234,471 ","$4,458,248 ","$13,805,614 ","$2,762,661 ","$19,757,909 ","$58,018,903 ","$6,591,793 ","$11,474,979 ","$10,783,706 ","$8,880,119 ","$6,467,970 ","$44,198,567 ",2015
Browns,"$8,093,954 ","$1,964,338 ","$14,792,090 ","$5,193,030 ","$27,241,456 ","$57,284,868 ","$15,138,196 ","$14,097,291 ","$9,223,625 ","$11,656,943 ","$23,514,408 ","$73,630,463 ",2015
Chiefs,"$21,476,940 ","$9,656,539 ","$6,172,669 ","$2,273,413 ","$16,685,651 ","$56,265,212 ","$11,816,841 ","$13,645,289 ","$8,095,994 ","$14,112,700 ","$11,077,574 ","$58,748,398 ",2015
Rams,"$5,218,449 ","$4,573,838 ","$11,865,185 ","$15,475,441 ","$18,702,572 ","$55,835,485 ","$10,316,492 ","$37,018,755 ","$10,685,780 ","$8,220,899 ","$4,293,600 ","$70,535,526 ",2015
Raiders,"$1,918,064 ","$3,907,750 ","$12,243,561 ","$4,799,545 ","$31,155,998 ","$54,024,918 ","$10,429,225 ","$13,003,817 ","$12,767,283 ","$14,730,695 ","$4,515,992 ","$55,447,012 ",2015
Buccaneers,"$5,965,886 ","$5,081,515 ","$18,129,732 ","$4,336,557 ","$20,141,348 ","$53,655,038 ","$23,969,929 ","$5,445,509 ","$12,188,387 ","$4,087,338 ","$8,260,432 ","$53,951,595 ",2015
Seahawks,"$8,554,868 ","$10,635,847 ","$9,888,081 ","$10,063,162 ","$12,810,650 ","$51,952,608 ","$9,600,635 ","$18,100,443 ","$12,650,324 ","$13,893,024 ","$15,557,555 ","$69,801,981 ",2015
Texans,"$6,357,837 ","$10,875,801 ","$6,411,093 ","$5,702,571 ","$22,553,824 ","$51,901,126 ","$20,580,901 ","$9,018,355 ","$12,609,806 ","$4,828,838 ","$23,059,240 ","$70,097,140 ",2015
Colts,"$10,966,900 ","$5,547,765 ","$13,153,178 ","$4,034,629 ","$14,365,795 ","$48,068,267 ","$14,935,562 ","$24,983,566 ","$10,511,983 ","$5,801,282 ","$21,055,447 ","$77,287,840 ",2015
Dolphins,"$7,625,864 ","$2,623,010 ","$7,039,908 ","$6,819,535 ","$23,159,445 ","$47,267,762 ","$11,620,268 ","$18,738,508 ","$9,272,473 ","$10,861,046 ","$14,670,090 ","$65,162,385 ",2015
Bills,"$3,732,738 ","$7,707,163 ","$12,781,663 ","$5,735,146 ","$15,086,305 ","$45,043,015 ","$16,827,353 ","$27,384,012 ","$7,282,129 ","$5,657,363 ","$16,809,630 ","$73,960,487 ",2015
Titans,"$5,017,020 ","$5,286,810 ","$8,113,034 ","$10,447,500 ","$11,157,861 ","$40,022,225 ","$21,122,812 ","$10,312,803 ","$6,083,453 ","$12,937,775 ","$15,939,246 ","$66,396,089 ",2015
Cowboys,"$23,926,148 ","$9,073,966 ","$19,837,501 ","$9,867,494 ","$21,408,752 ","$84,113,861 ","$4,585,559 ","$10,409,388 ","$15,942,586 ","$8,367,517 ","$20,670,361 ","$59,975,411 ",2016
Commanders,"$22,237,334 ","$2,428,948 ","$23,519,793 ","$8,387,911 ","$26,070,817 ","$82,644,803 ","$9,823,954 ","$11,615,247 ","$4,179,207 ","$7,736,030 ","$10,733,385 ","$44,087,823 ",2016
Steelers,"$25,334,805 ","$4,433,346 ","$16,885,326 ","$4,133,728 ","$28,392,364 ","$79,179,569 ","$14,224,578 ","$10,044,940 ","$20,449,321 ","$7,261,255 ","$6,603,699 ","$58,583,793 ",2016
Patriots,"$15,259,305 ","$5,014,925 ","$17,034,672 ","$12,753,868 ","$26,847,155 ","$76,909,925 ","$5,119,235 ","$14,912,527 ","$13,450,124 ","$12,755,434 ","$4,775,449 ","$51,012,769 ",2016
Chargers,"$17,180,000 ","$7,117,376 ","$18,017,691 ","$8,274,768 ","$25,663,138 ","$76,252,973 ","$17,468,654 ","$14,930,795 ","$5,378,711 ","$7,089,050 ","$18,462,884 ","$63,330,094 ",2016
Falcons,"$25,631,100 ","$1,852,741 ","$21,945,916 ","$5,486,900 ","$21,046,268 ","$75,962,925 ","$3,803,031 ","$20,886,504 ","$10,513,747 ","$4,903,067 ","$6,580,038 ","$46,686,387 ",2016
Vikings,"$12,430,538 ","$13,666,191 ","$8,596,564 ","$7,804,564 ","$32,879,606 ","$75,377,463 ","$11,885,987 ","$16,151,461 ","$11,877,574 ","$12,925,603 ","$16,485,260 ","$69,325,885 ",2016
Bears,"$20,140,353 ","$2,164,522 ","$23,144,751 ","$4,465,009 ","$25,002,276 ","$74,916,911 ","$10,499,728 ","$23,295,184 ","$11,928,466 ","$3,785,524 ","$9,703,965 ","$59,212,867 ",2016
Panthers,"$21,450,000 ","$10,958,863 ","$8,550,593 ","$8,019,942 ","$25,130,242 ","$74,109,640 ","$9,915,073 ","$5,907,171 ","$18,305,233 ","$5,817,094 ","$3,505,394 ","$43,449,965 ",2016
Colts,"$19,980,000 ","$5,551,333 ","$14,669,690 ","$11,144,550 ","$20,978,970 ","$72,324,543 ","$11,141,107 ","$17,579,573 ","$6,160,859 ","$7,650,838 ","$13,866,511 ","$56,398,888 ",2016
Bengals,"$14,195,413 ","$7,582,248 ","$17,965,568 ","$4,895,878 ","$26,963,355 ","$71,602,462 ","$15,774,614 ","$15,267,615 ","$15,238,247 ","$10,932,963 ","$20,040,214 ","$77,253,653 ",2016
Buccaneers,"$8,192,029 ","$9,960,806 ","$20,084,145 ","$4,575,686 ","$28,332,177 ","$71,144,843 ","$18,489,165 ","$14,390,783 ","$15,028,993 ","$5,670,300 ","$21,537,490 ","$75,116,731 ",2016
Cardinals,"$20,967,647 ","$5,171,763 ","$19,073,522 ","$5,942,819 ","$19,298,535 ","$70,454,286 ","$23,704,115 ","$12,115,452 ","$6,216,592 ","$11,210,539 ","$16,623,998 ","$69,870,696 ",2016
Packers,"$19,910,320 ","$4,891,731 ","$20,545,094 ","$3,544,204 ","$20,810,535 ","$69,701,884 ","$14,048,475 ","$32,922,762 ","$1,857,299 ","$10,976,780 ","$16,459,880 ","$76,265,196 ",2016
Raiders,"$4,623,009 ","$2,818,849 ","$19,361,975 ","$5,870,639 ","$36,972,041 ","$69,646,513 ","$10,767,380 ","$19,443,717 ","$7,072,959 ","$12,697,085 ","$20,847,900 ","$70,829,041 ",2016
Lions,"$23,338,824 ","$3,971,695 ","$17,699,492 ","$6,514,242 ","$17,174,595 ","$68,698,848 ","$8,782,820 ","$8,535,944 ","$13,539,421 ","$11,189,104 ","$8,071,148 ","$50,118,437 ",2016
Giants,"$25,595,300 ","$9,665,597 ","$15,930,551 ","$3,014,714 ","$13,382,316 ","$67,588,478 ","$9,138,463 ","$24,753,166 ","$12,393,270 ","$3,598,913 ","$21,773,449 ","$71,657,261 ",2016
Jaguars,"$10,864,196 ","$5,551,588 ","$14,724,668 ","$11,943,324 ","$23,735,090 ","$66,818,866 ","$33,501,913 ","$7,011,441 ","$11,297,021 ","$7,647,569 ","$16,930,497 ","$76,388,441 ",2016
Ravens,"$24,056,900 ","$2,492,212 ","$13,619,295 ","$8,561,035 ","$18,007,403 ","$66,736,845 ","$7,240,013 ","$17,109,523 ","$4,802,149 ","$18,916,487 ","$13,055,152 ","$61,123,324 ",2016
Jets,"$10,107,898 ","$5,337,110 ","$20,760,335 ","$2,530,923 ","$27,844,419 ","$66,580,685 ","$21,908,891 ","$2,652,225 ","$10,859,069 ","$7,858,962 ","$24,531,901 ","$67,811,048 ",2016
Eagles,"$9,960,643 ","$10,317,028 ","$4,931,355 ","$6,394,996 ","$33,687,976 ","$65,291,998 ","$9,762,192 ","$19,854,836 ","$12,105,117 ","$11,531,668 ","$7,119,979 ","$60,373,792 ",2016
Chiefs,"$20,232,200 ","$8,036,819 ","$16,078,663 ","$4,923,789 ","$14,976,072 ","$64,247,543 ","$17,326,136 ","$21,124,929 ","$7,381,104 ","$15,661,151 ","$5,252,667 ","$66,745,987 ",2016
Titans,"$7,534,058 ","$7,603,960 ","$14,852,328 ","$10,992,080 ","$21,398,613 ","$62,381,039 ","$15,355,883 ","$17,193,846 ","$8,042,363 ","$10,382,798 ","$13,084,964 ","$64,059,854 ",2016
Texans,"$14,412,646 ","$7,911,734 ","$6,448,981 ","$2,062,362 ","$31,103,538 ","$61,939,261 ","$22,938,450 ","$14,197,538 ","$14,400,101 ","$5,327,548 ","$19,939,515 ","$76,803,152 ",2016
Dolphins,"$13,281,182 ","$1,974,686 ","$6,367,688 ","$11,317,299 ","$28,834,646 ","$61,775,501 ","$17,479,805 ","$24,908,290 ","$8,873,417 ","$11,884,805 ","$12,949,485 ","$76,095,802 ",2016
49ers,"$23,694,507 ","$3,028,926 ","$11,876,072 ","$5,615,042 ","$16,923,639 ","$61,138,186 ","$9,996,826 ","$13,678,890 ","$16,215,848 ","$10,807,904 ","$9,075,198 ","$59,774,666 ",2016
Bills,"$10,286,322 ","$10,305,929 ","$12,971,463 ","$7,994,746 ","$19,315,114 ","$60,873,574 ","$22,682,421 ","$11,436,205 ","$4,326,517 ","$14,367,753 ","$15,208,647 ","$68,021,543 ",2016
Rams,"$9,453,311 ","$6,684,248 ","$16,984,504 ","$7,779,092 ","$18,948,473 ","$59,849,628 ","$12,337,912 ","$22,337,341 ","$9,904,864 ","$6,193,434 ","$14,857,989 ","$65,631,540 ",2016
Seahawks,"$18,997,000 ","$2,236,171 ","$13,750,952 ","$12,684,653 ","$6,307,577 ","$53,976,353 ","$5,661,793 ","$17,312,549 ","$15,426,110 ","$17,920,176 ","$20,642,727 ","$76,963,355 ",2016
Saints,"$18,617,300 ","$4,961,190 ","$5,224,319 ","$5,726,719 ","$19,176,356 ","$53,705,884 ","$5,140,464 ","$9,660,901 ","$9,598,215 ","$16,579,686 ","$4,828,050 ","$45,807,316 ",2016
Broncos,"$2,261,161 ","$7,652,724 ","$24,631,438 ","$4,002,548 ","$14,289,846 ","$52,837,717 ","$14,874,328 ","$22,787,306 ","$6,341,732 ","$11,486,444 ","$22,329,018 ","$77,818,828 ",2016
Browns,"$11,022,385 ","$2,873,269 ","$8,060,225 ","$3,663,632 ","$20,849,784 ","$46,469,295 ","$11,120,534 ","$1,500,998 ","$6,626,100 ","$2,503,713 ","$23,427,666 ","$45,179,011 ",2016
Steelers,"$21,004,781 ","$13,113,454 ","$17,778,997 ","$3,945,253 ","$39,055,012 ","$94,897,497 ","$15,833,947 ","$8,183,830 ","$6,906,583 ","$12,475,138 ","$11,466,541 ","$54,866,039 ",2017
Raiders,"$17,066,663 ","$3,913,937 ","$21,228,435 ","$8,513,978 ","$43,133,182 ","$93,856,195 ","$4,925,768 ","$16,020,328 ","$3,913,692 ","$11,365,174 ","$22,873,492 ","$59,098,454 ",2017
Falcons,"$27,422,800 ","$5,928,217 ","$28,103,286 ","$4,019,531 ","$25,953,036 ","$91,426,870 ","$11,309,437 ","$18,256,298 ","$8,512,929 ","$6,556,132 ","$15,535,401 ","$60,170,197 ",2017
Commanders,"$27,543,600 ","$4,474,359 ","$10,894,949 ","$11,840,649 ","$34,757,110 ","$89,510,667 ","$12,451,986 ","$17,002,208 ","$8,198,492 ","$6,606,862 ","$24,425,407 ","$68,684,955 ",2017
Cardinals,"$29,489,118 ","$3,666,976 ","$20,439,056 ","$6,097,469 ","$28,917,997 ","$88,610,616 ","$11,978,095 ","$14,486,303 ","$6,172,044 ","$15,728,455 ","$21,047,533 ","$69,412,430 ",2017
Packers,"$21,034,437 ","$2,394,382 ","$31,564,129 ","$3,754,657 ","$28,553,585 ","$87,301,190 ","$14,712,089 ","$26,170,012 ","$2,563,395 ","$11,727,962 ","$9,272,758 ","$64,446,216 ",2017
Eagles,"$7,948,686 ","$7,712,155 ","$20,433,394 ","$10,106,000 ","$34,671,590 ","$80,871,825 ","$14,920,141 ","$21,800,072 ","$14,705,805 ","$14,776,850 ","$4,361,412 ","$70,564,280 ",2017
Bears,"$21,278,625 ","$2,385,295 ","$14,645,439 ","$10,633,090 ","$31,878,770 ","$80,821,219 ","$14,795,376 ","$16,993,112 ","$11,977,212 ","$7,234,912 ","$17,788,027 ","$68,788,639 ",2017
Panthers,"$22,710,632 ","$11,316,345 ","$7,593,965 ","$15,861,068 ","$22,836,833 ","$80,318,843 ","$19,975,799 ","$14,930,437 ","$27,237,850 ","$7,693,071 ","$6,607,630 ","$76,444,787 ",2017
Saints,"$20,365,000 ","$6,649,958 ","$7,172,234 ","$13,281,931 ","$32,749,192 ","$80,218,315 ","$7,351,727 ","$15,826,140 ","$11,368,168 ","$9,465,615 ","$5,035,764 ","$49,047,414 ",2017
Patriots,"$14,476,471 ","$11,010,522 ","$18,838,336 ","$12,917,262 ","$22,196,744 ","$79,439,335 ","$10,484,357 ","$5,229,052 ","$13,278,110 ","$23,735,041 ","$16,603,309 ","$69,329,869 ",2017
Dolphins,"$33,058,282 ","$3,310,080 ","$9,776,316 ","$9,519,411 ","$22,688,764 ","$78,352,853 ","$21,338,272 ","$20,091,185 ","$11,883,805 ","$11,301,524 ","$5,758,889 ","$70,373,675 ",2017
Ravens,"$26,742,000 ","$5,270,289 ","$16,212,624 ","$5,393,387 ","$23,346,656 ","$76,964,956 ","$8,142,163 ","$11,289,373 ","$5,332,555 ","$12,619,611 ","$15,031,988 ","$52,415,690 ",2017
Cowboys,"$1,782,314 ","$7,879,602 ","$26,062,634 ","$16,565,097 ","$23,737,956 ","$76,027,603 ","$4,846,639 ","$17,309,055 ","$13,571,954 ","$3,098,994 ","$10,844,663 ","$49,671,305 ",2017
Bengals,"$16,798,413 ","$7,569,296 ","$24,430,688 ","$9,413,806 ","$17,262,341 ","$75,474,544 ","$12,361,126 ","$14,384,255 ","$17,613,896 ","$10,969,118 ","$22,900,422 ","$78,228,817 ",2017
Chargers,"$19,155,000 ","$5,059,879 ","$20,577,484 ","$8,986,982 ","$21,498,674 ","$75,278,019 ","$17,068,671 ","$23,167,189 ","$5,864,393 ","$6,553,828 ","$9,329,846 ","$61,983,927 ",2017
Bills,"$10,238,211 ","$11,190,118 ","$6,496,909 ","$11,467,859 ","$35,796,366 ","$75,189,463 ","$10,325,927 ","$13,718,331 ","$7,077,973 ","$7,686,153 ","$5,801,497 ","$44,609,881 ",2017
Colts,"$22,129,791 ","$6,704,574 ","$15,603,598 ","$10,039,875 ","$20,295,961 ","$74,773,799 ","$14,868,181 ","$21,252,770 ","$3,079,205 ","$7,567,614 ","$4,398,800 ","$51,166,570 ",2017
Lions,"$17,047,200 ","$5,553,764 ","$18,671,297 ","$5,529,031 ","$22,993,789 ","$69,795,081 ","$15,087,353 ","$14,892,449 ","$12,040,537 ","$11,021,745 ","$17,917,711 ","$70,959,795 ",2017
Giants,"$21,444,105 ","$6,846,041 ","$14,572,454 ","$4,806,305 ","$21,971,246 ","$69,640,151 ","$13,231,093 ","$26,432,590 ","$11,922,152 ","$3,870,386 ","$27,976,841 ","$83,433,062 ",2017
Jaguars,"$10,071,983 ","$13,724,506 ","$13,512,773 ","$7,480,525 ","$23,902,263 ","$68,692,050 ","$36,897,369 ","$8,251,178 ","$13,216,415 ","$15,958,866 ","$13,849,553 ","$88,173,381 ",2017
Texans,"$3,855,907 ","$9,441,681 ","$22,653,336 ","$10,632,622 ","$20,476,207 ","$67,059,753 ","$17,826,431 ","$14,975,844 ","$9,833,223 ","$10,598,898 ","$21,425,963 ","$74,660,359 ",2017
Vikings,"$22,523,284 ","$6,109,029 ","$10,830,686 ","$7,988,864 ","$19,431,712 ","$66,883,575 ","$13,847,877 ","$15,647,606 ","$10,635,653 ","$11,466,277 ","$21,360,634 ","$72,958,047 ",2017
Buccaneers,"$11,738,985 ","$8,969,129 ","$18,804,531 ","$3,178,912 ","$23,495,847 ","$66,187,404 ","$30,220,786 ","$9,762,983 ","$8,819,460 ","$8,500,031 ","$17,764,740 ","$75,068,000 ",2017
Chiefs,"$21,205,288 ","$4,243,728 ","$5,474,701 ","$7,192,941 ","$25,611,612 ","$63,728,270 ","$16,972,578 ","$35,949,428 ","$6,576,004 ","$14,053,421 ","$6,828,257 ","$80,379,688 ",2017
Broncos,"$3,920,973 ","$6,090,264 ","$25,054,318 ","$4,832,368 ","$23,704,519 ","$63,602,442 ","$18,109,284 ","$23,398,406 ","$9,388,589 ","$8,775,903 ","$24,273,641 ","$83,945,823 ",2017
Rams,"$7,755,133 ","$6,953,354 ","$25,219,237 ","$3,237,501 ","$20,306,285 ","$63,471,510 ","$19,055,848 ","$15,841,769 ","$17,897,035 ","$5,194,177 ","$22,147,687 ","$80,136,516 ",2017
Seahawks,"$15,443,870 ","$5,565,665 ","$8,724,467 ","$12,553,573 ","$21,118,436 ","$63,406,011 ","$9,895,825 ","$19,887,433 ","$18,261,753 ","$20,890,487 ","$23,142,234 ","$92,077,732 ",2017
Titans,"$10,351,646 ","$8,746,428 ","$19,514,493 ","$7,486,458 ","$17,127,063 ","$63,226,088 ","$20,991,161 ","$23,008,834 ","$9,206,570 ","$13,657,831 ","$15,276,846 ","$82,141,242 ",2017
Jets,"$8,334,184 ","$10,310,192 ","$8,058,956 ","$2,443,262 ","$29,743,163 ","$58,889,757 ","$30,004,586 ","$5,244,382 ","$5,963,101 ","$6,921,694 ","$16,360,022 ","$64,493,785 ",2017
Browns,"$2,209,957 ","$4,470,494 ","$5,198,547 ","$3,254,760 ","$41,615,803 ","$56,749,561 ","$5,528,898 ","$9,198,852 ","$21,613,135 ","$3,882,857 ","$7,163,759 ","$47,387,501 ",2017
49ers,"$1,280,189 ","$2,825,514 ","$13,826,473 ","$3,831,656 ","$25,604,947 ","$47,368,779 ","$8,811,687 ","$17,957,489 ","$8,945,957 ","$9,535,769 ","$6,441,770 ","$51,692,672 ",2017
49ers,"$38,197,259 ","$8,311,842 ","$18,448,916 ","$3,643,398 ","$33,769,652 ","$102,371,067 ","$10,033,146 ","$16,528,345 ","$8,852,841 ","$3,207,934 ","$18,947,503 ","$57,569,769 ",2018
Raiders,"$25,915,200 ","$7,694,424 ","$18,652,510 ","$11,533,431 ","$36,376,204 ","$100,171,769 ","$11,861,506 ","$2,352,299 ","$10,206,380 ","$11,068,824 ","$11,492,532 ","$46,981,541 ",2018
Falcons,"$22,329,200 ","$7,325,063 ","$24,432,270 ","$2,433,131 ","$40,262,172 ","$96,781,836 ","$6,021,602 ","$11,943,939 ","$8,581,239 ","$9,445,802 ","$26,512,595 ","$62,505,177 ",2018
Packers,"$22,071,928 ","$1,581,868 ","$26,709,607 ","$10,835,666 ","$33,058,976 ","$94,258,045 ","$19,391,088 ","$23,692,894 ","$4,603,006 ","$2,949,361 ","$10,277,116 ","$60,913,465 ",2018
Commanders,"$22,370,588 ","$6,464,791 ","$11,550,945 ","$16,639,653 ","$35,598,047 ","$92,624,024 ","$11,918,322 ","$17,481,245 ","$6,801,489 ","$5,638,443 ","$21,140,054 ","$62,979,553 ",2018
Browns,"$24,442,360 ","$5,651,728 ","$19,436,865 ","$7,333,699 ","$34,889,282 ","$91,753,934 ","$2,692,766 ","$13,837,156 ","$21,595,019 ","$5,640,141 ","$18,933,305 ","$62,698,387 ",2018
Saints,"$26,852,600 ","$7,093,841 ","$12,859,196 ","$7,775,068 ","$35,725,330 ","$90,306,035 ","$7,215,630 ","$20,379,299 ","$14,765,854 ","$7,798,629 ","$8,475,586 ","$58,634,998 ",2018
Chargers,"$23,129,200 ","$4,755,413 ","$25,433,190 ","$7,068,484 ","$27,984,393 ","$88,370,680 ","$14,590,006 ","$22,744,570 ","$6,339,835 ","$10,693,090 ","$17,921,985 ","$72,289,486 ",2018
Colts,"$25,722,676 ","$2,083,712 ","$20,549,797 ","$13,375,573 ","$25,098,865 ","$86,830,623 ","$11,406,297 ","$12,518,570 ","$3,849,218 ","$6,461,829 ","$5,307,934 ","$39,543,848 ",2018
Vikings,"$26,462,000 ","$8,510,220 ","$15,333,845 ","$9,592,122 ","$26,668,316 ","$86,566,503 ","$18,526,098 ","$18,610,741 ","$18,490,720 ","$15,731,056 ","$22,554,099 ","$93,912,714 ",2018
Buccaneers,"$12,616,903 ","$3,981,361 ","$34,124,743 ","$10,224,401 ","$25,173,502 ","$86,120,910 ","$30,935,514 ","$21,624,467 ","$14,813,639 ","$6,026,118 ","$15,212,917 ","$88,612,655 ",2018
Eagles,"$21,505,365 ","$5,143,228 ","$16,761,079 ","$7,215,415 ","$35,461,396 ","$86,086,483 ","$19,610,353 ","$20,521,371 ","$7,463,300 ","$16,905,015 ","$5,420,767 ","$69,920,806 ",2018
Patriots,"$23,044,200 ","$7,894,058 ","$15,575,488 ","$16,740,476 ","$20,349,864 ","$83,604,086 ","$8,841,997 ","$12,784,037 ","$12,418,619 ","$22,783,881 ","$15,107,401 ","$71,935,935 ",2018
Panthers,"$22,245,471 ","$6,826,065 ","$12,594,544 ","$9,312,292 ","$32,444,025 ","$83,422,397 ","$25,938,492 ","$15,594,755 ","$18,109,544 ","$8,525,314 ","$10,046,763 ","$78,214,868 ",2018
Bears,"$10,598,281 ","$2,865,819 ","$26,134,139 ","$16,862,132 ","$25,838,059 ","$82,298,430 ","$16,269,909 ","$26,108,093 ","$12,062,109 ","$4,184,476 ","$18,514,959 ","$77,139,546 ",2018
Bengals,"$17,198,153 ","$6,168,245 ","$22,333,466 ","$9,109,741 ","$26,761,854 ","$81,571,459 ","$17,980,043 ","$21,586,114 ","$18,408,108 ","$6,721,891 ","$22,735,864 ","$87,432,020 ",2018
Steelers,"$24,607,847 ","$1,545,560 ","$13,094,252 ","$5,891,394 ","$35,090,781 ","$80,229,834 ","$18,570,996 ","$7,627,086 ","$15,162,163 ","$7,577,505 ","$18,261,233 ","$67,198,983 ",2018
Jets,"$15,760,757 ","$8,070,717 ","$13,044,099 ","$3,861,826 ","$36,847,212 ","$77,584,611 ","$16,336,478 ","$5,967,157 ","$11,918,348 ","$10,941,303 ","$27,956,260 ","$73,119,546 ",2018
Lions,"$27,560,000 ","$7,708,425 ","$10,261,176 ","$4,771,517 ","$26,454,707 ","$76,755,825 ","$6,088,251 ","$19,866,349 ","$13,152,062 ","$13,868,343 ","$12,942,767 ","$65,917,772 ",2018
Seahawks,"$24,620,964 ","$4,655,724 ","$20,229,810 ","$3,273,982 ","$23,349,614 ","$76,130,094 ","$5,451,644 ","$5,314,490 ","$26,759,580 ","$26,285,750 ","$7,339,007 ","$71,150,471 ",2018
Dolphins,"$10,507,195 ","$4,122,610 ","$25,766,603 ","$4,425,226 ","$30,559,407 ","$75,381,041 ","$5,156,706 ","$38,276,611 ","$14,286,351 ","$13,320,269 ","$3,678,898 ","$74,718,835 ",2018
Jaguars,"$10,786,333 ","$12,425,774 ","$17,287,457 ","$4,822,038 ","$28,024,882 ","$73,346,484 ","$49,441,021 ","$1,915,141 ","$11,985,485 ","$11,226,426 ","$27,090,280 ","$101,658,353 ",2018
Cowboys,"$1,816,903 ","$7,705,768 ","$17,811,897 ","$2,372,304 ","$43,159,686 ","$72,866,558 ","$5,600,665 ","$30,183,328 ","$18,325,353 ","$4,718,347 ","$5,642,991 ","$64,470,684 ",2018
Chiefs,"$6,462,373 ","$3,839,568 ","$13,410,657 ","$12,846,159 ","$35,054,355 ","$71,613,112 ","$13,806,414 ","$30,874,001 ","$6,439,413 ","$20,988,021 ","$5,449,388 ","$77,557,237 ",2018
Giants,"$23,411,925 ","$11,329,128 ","$12,265,128 ","$7,070,209 ","$16,351,639 ","$70,428,029 ","$6,466,608 ","$23,401,317 ","$7,366,336 ","$5,267,371 ","$13,155,011 ","$55,656,643 ",2018
Ravens,"$27,572,118 ","$3,363,334 ","$12,886,087 ","$4,763,673 ","$21,740,115 ","$70,325,327 ","$9,730,013 ","$11,748,483 ","$10,994,045 ","$16,441,962 ","$26,734,432 ","$75,648,935 ",2018
Titans,"$9,704,446 ","$6,578,378 ","$8,480,482 ","$11,782,366 ","$33,732,729 ","$70,278,401 ","$26,799,400 ","$19,778,901 ","$12,351,575 ","$11,696,707 ","$20,975,177 ","$91,601,760 ",2018
Broncos,"$15,706,000 ","$1,963,621 ","$14,510,892 ","$2,980,830 ","$27,685,340 ","$62,846,683 ","$19,610,747 ","$22,060,696 ","$13,626,497 ","$8,651,558 ","$23,101,585 ","$87,051,083 ",2018
Rams,"$8,767,592 ","$9,038,320 ","$14,151,679 ","$2,758,153 ","$27,763,882 ","$62,479,626 ","$39,110,096 ","$5,284,312 ","$10,912,796 ","$13,578,223 ","$20,726,753 ","$89,612,180 ",2018
Texans,"$4,498,746 ","$8,781,571 ","$22,937,792 ","$3,958,681 ","$21,831,728 ","$62,008,518 ","$19,458,959 ","$20,876,470 ","$10,503,200 ","$11,881,679 ","$32,029,767 ","$94,750,075 ",2018
Cardinals,"$5,229,993 ","$6,642,019 ","$21,383,544 ","$8,338,914 ","$16,580,007 ","$58,174,477 ","$6,574,896 ","$22,609,536 ","$12,827,408 ","$8,859,951 ","$16,131,635 ","$67,003,426 ",2018
Bills,"$4,972,932 ","$12,700,103 ","$3,135,006 ","$10,226,000 ","$13,535,618 ","$44,569,659 ","$13,874,163 ","$18,752,548 ","$8,735,891 ","$12,472,941 ","$7,366,816 ","$61,202,359 ",2018
Packers,"$30,060,000 ","$2,275,911 ","$16,313,123 ","$16,508,239 ","$45,779,795 ","$110,937,068 ","$8,776,062 ","$18,915,217 ","$4,713,346 ","$8,930,462 ","$13,575,522 ","$54,910,609 ",2019
Buccaneers,"$23,770,750 ","$5,056,256 ","$21,803,199 ","$11,313,773 ","$42,981,228 ","$104,925,206 ","$21,184,145 ","$18,583,642 ","$17,521,770 ","$5,355,326 ","$4,962,631 ","$67,607,514 ",2019
Chargers,"$27,064,655 ","$6,477,550 ","$23,608,026 ","$7,014,216 ","$37,523,591 ","$101,688,038 ","$8,892,283 ","$29,172,771 ","$11,889,408 ","$7,265,608 ","$12,377,117 ","$69,597,187 ",2019
Commanders,"$29,974,202 ","$8,218,621 ","$9,962,196 ","$17,664,279 ","$32,197,919 ","$98,017,217 ","$11,134,561 ","$18,408,787 ","$3,849,469 ","$7,558,867 ","$22,689,383 ","$63,641,067 ",2019
Bengals,"$17,389,080 ","$7,753,530 ","$28,740,271 ","$10,882,654 ","$32,697,458 ","$97,462,993 ","$18,381,875 ","$13,617,308 ","$4,597,140 ","$7,071,863 ","$23,542,739 ","$67,210,925 ",2019
Raiders,"$25,688,481 ","$8,002,165 ","$14,399,349 ","$5,767,514 ","$40,914,105 ","$94,771,614 ","$5,970,975 ","$10,718,493 ","$8,512,658 ","$19,976,408 ","$9,652,415 ","$54,830,949 ",2019
Browns,"$11,826,075 ","$3,404,034 ","$35,727,967 ","$6,562,380 ","$36,723,539 ","$94,243,995 ","$11,397,361 ","$24,112,662 ","$14,396,593 ","$15,255,977 ","$21,268,697 ","$86,431,290 ",2019
Saints,"$26,595,000 ","$3,756,693 ","$13,051,443 ","$6,502,176 ","$42,560,951 ","$92,466,263 ","$10,807,620 ","$14,664,025 ","$20,311,789 ","$4,190,537 ","$16,638,197 ","$66,612,168 ",2019
Cowboys,"$2,903,516 ","$7,258,235 ","$23,195,205 ","$6,115,957 ","$52,928,659 ","$92,401,572 ","$16,270,733 ","$24,047,890 ","$14,935,984 ","$5,626,954 ","$11,759,970 ","$72,641,531 ",2019
49ers,"$21,532,358 ","$12,516,472 ","$15,349,829 ","$4,258,221 ","$37,558,398 ","$91,215,278 ","$7,219,127 ","$39,706,057 ","$15,326,818 ","$10,736,568 ","$16,769,419 ","$89,757,989 ",2019
Titans,"$23,283,000 ","$7,319,205 ","$16,140,089 ","$8,786,988 ","$34,514,326 ","$90,043,608 ","$25,607,015 ","$8,743,596 ","$10,915,774 ","$8,433,793 ","$30,531,666 ","$84,231,844 ",2019
Colts,"$11,793,235 ","$2,907,359 ","$31,309,352 ","$14,444,000 ","$29,040,221 ","$89,494,167 ","$6,581,313 ","$31,084,855 ","$4,862,403 ","$9,200,559 ","$21,669,013 ","$73,398,143 ",2019
Giants,"$28,405,163 ","$8,989,981 ","$16,166,352 ","$8,759,798 ","$26,599,108 ","$88,920,402 ","$7,672,043 ","$10,746,861 ","$14,231,925 ","$8,300,429 ","$5,000,958 ","$45,952,216 ",2019
Vikings,"$29,905,000 ","$4,409,766 ","$22,442,158 ","$6,058,384 ","$24,116,130 ","$86,931,438 ","$15,106,796 ","$23,691,333 ","$12,871,959 ","$15,018,703 ","$27,075,664 ","$93,764,455 ",2019
Rams,"$11,765,577 ","$12,126,193 ","$26,412,655 ","$4,228,642 ","$31,811,467 ","$86,344,534 ","$30,585,660 ","$17,851,822 ","$6,129,397 ","$9,800,904 ","$11,806,937 ","$76,174,720 ",2019
Lions,"$31,930,059 ","$2,307,429 ","$17,465,459 ","$6,730,065 ","$27,129,944 ","$85,562,956 ","$15,087,044 ","$9,609,031 ","$15,306,901 ","$5,017,157 ","$23,637,112 ","$68,657,245 ",2019
Chiefs,"$9,288,808 ","$6,758,058 ","$25,947,032 ","$12,691,900 ","$30,594,087 ","$85,279,885 ","$7,958,341 ","$13,963,072 ","$11,996,608 ","$14,285,030 ","$9,297,683 ","$57,500,734 ",2019
Seahawks,"$26,996,766 ","$5,035,413 ","$12,335,319 ","$6,730,075 ","$34,000,896 ","$85,098,469 ","$5,120,514 ","$21,581,217 ","$27,139,216 ","$10,653,670 ","$4,300,635 ","$68,795,252 ",2019
Falcons,"$18,063,000 ","$9,484,109 ","$15,332,230 ","$5,258,881 ","$36,609,416 ","$84,747,636 ","$17,244,922 ","$10,698,868 ","$21,102,931 ","$10,218,404 ","$17,012,133 ","$76,277,258 ",2019
Eagles,"$14,278,779 ","$5,468,274 ","$19,997,045 ","$7,822,805 ","$36,444,965 ","$84,011,868 ","$17,465,235 ","$11,566,811 ","$7,692,784 ","$20,577,441 ","$9,679,240 ","$66,981,511 ",2019
Patriots,"$22,535,204 ","$12,229,419 ","$18,179,022 ","$2,677,268 ","$23,741,152 ","$79,362,065 ","$6,821,358 ","$10,952,860 ","$19,123,431 ","$27,918,225 ","$18,863,654 ","$83,679,528 ",2019
Jets,"$9,491,711 ","$11,432,801 ","$19,374,147 ","$3,093,662 ","$35,809,241 ","$79,201,562 ","$18,448,512 ","$6,035,480 ","$25,047,180 ","$11,243,424 ","$22,098,745 ","$82,873,341 ",2019
Steelers,"$27,991,392 ","$1,766,913 ","$4,570,576 ","$8,105,668 ","$36,091,768 ","$78,526,317 ","$31,563,825 ","$14,409,336 ","$13,056,501 ","$5,534,972 ","$18,112,322 ","$82,676,956 ",2019
Texans,"$7,833,793 ","$12,744,125 ","$27,327,533 ","$3,376,502 ","$26,680,848 ","$77,962,801 ","$24,929,692 ","$18,363,703 ","$9,961,506 ","$11,103,156 ","$19,735,855 ","$84,093,912 ",2019
Bears,"$14,055,437 ","$1,792,775 ","$28,561,458 ","$12,492,121 ","$19,864,821 ","$76,766,612 ","$18,306,693 ","$19,067,986 ","$16,116,704 ","$5,683,006 ","$30,304,445 ","$89,478,834 ",2019
Cardinals,"$8,296,599 ","$12,140,266 ","$16,674,681 ","$3,588,603 ","$34,014,338 ","$74,714,487 ","$10,667,138 ","$21,964,198 ","$7,709,824 ","$4,786,932 ","$17,466,133 ","$62,594,225 ",2019
Jaguars,"$13,149,963 ","$9,322,496 ","$13,956,013 ","$5,508,925 ","$32,106,212 ","$74,043,609 ","$27,738,114 ","$7,443,609 ","$12,613,248 ","$6,361,198 ","$24,220,950 ","$78,377,119 ",2019
Panthers,"$24,395,545 ","$6,283,177 ","$9,197,102 ","$9,028,498 ","$22,616,326 ","$71,520,648 ","$30,399,334 ","$18,490,862 ","$22,276,998 ","$8,586,514 ","$7,357,669 ","$87,111,377 ",2019
Bills,"$6,713,826 ","$4,562,191 ","$18,785,529 ","$10,198,933 ","$31,194,376 ","$71,454,855 ","$21,159,179 ","$26,135,699 ","$11,160,531 ","$12,774,835 ","$7,549,959 ","$78,780,203 ",2019
Ravens,"$4,187,820 ","$4,647,747 ","$12,405,040 ","$6,811,187 ","$24,600,941 ","$52,652,735 ","$20,449,011 ","$5,276,260 ","$5,177,136 ","$23,587,904 ","$39,039,526 ","$93,529,837 ",2019
Broncos,"$6,936,162 ","$4,939,853 ","$4,509,420 ","$7,329,076 ","$26,251,247 ","$49,965,758 ","$19,079,701 ","$32,887,968 ","$7,052,588 ","$11,185,503 ","$19,461,415 ","$89,667,175 ",2019
Dolphins,"$7,119,898 ","$1,989,719 ","$21,269,506 ","$2,790,180 ","$10,059,484 ","$43,228,787 ","$7,091,738 ","$4,005,733 ","$5,737,573 ","$30,648,047 ","$17,524,815 ","$65,007,906 ",2019
Colts,"$47,105,566 ","$5,629,641 ","$19,415,611 ","$10,806,164 ","$50,913,166 ","$133,870,148 ","$33,864,259 ","$15,097,967 ","$7,983,967 ","$7,437,136 ","$13,393,415 ","$77,776,744 ",2020
Raiders,"$31,625,000 ","$8,300,028 ","$18,214,691 ","$15,657,398 ","$53,138,925 ","$126,936,042 ","$13,236,548 ","$18,222,524 ","$16,390,125 ","$20,138,076 ","$8,384,032 ","$76,371,305 ",2020
Eagles,"$21,452,022 ","$3,762,174 ","$29,943,350 ","$15,435,113 ","$39,993,612 ","$110,586,271 ","$26,475,772 ","$12,152,197 ","$5,348,034 ","$9,032,645 ","$8,624,266 ","$61,632,914 ",2020
Buccaneers,"$27,556,500 ","$6,969,905 ","$14,576,858 ","$19,792,747 ","$40,217,623 ","$109,113,633 ","$20,612,811 ","$29,946,760 ","$19,483,225 ","$4,118,737 ","$6,385,738 ","$80,547,271 ",2020
Titans,"$23,182,000 ","$8,686,298 ","$21,162,541 ","$6,544,772 ","$47,116,265 ","$106,691,876 ","$14,054,420 ","$15,690,717 ","$7,625,164 ","$13,109,660 ","$22,134,071 ","$72,614,032 ",2020
Packers,"$24,645,540 ","$7,058,628 ","$20,521,932 ","$5,301,804 ","$47,239,400 ","$104,767,304 ","$15,375,862 ","$35,768,583 ","$8,225,930 ","$14,695,548 ","$9,592,282 ","$83,658,205 ",2020
Browns,"$11,937,673 ","$6,893,053 ","$33,178,607 ","$8,176,049 ","$40,583,203 ","$100,768,585 ","$17,914,080 ","$26,132,262 ","$6,861,412 ","$9,671,857 ","$18,075,490 ","$78,655,101 ",2020
Cowboys,"$35,728,728 ","$12,355,915 ","$18,148,958 ","$6,554,264 ","$27,902,811 ","$100,690,676 ","$13,356,195 ","$14,629,219 ","$18,552,489 ","$5,243,874 ","$9,660,756 ","$61,442,533 ",2020
Chiefs,"$7,250,503 ","$5,099,201 ","$36,777,928 ","$12,578,400 ","$36,669,047 ","$98,375,079 ","$18,388,976 ","$27,380,548 ","$21,534,268 ","$23,192,615 ","$7,893,856 ","$98,390,263 ",2020
Texans,"$14,334,715 ","$16,353,897 ","$23,107,507 ","$6,027,564 ","$37,592,815 ","$97,416,498 ","$23,019,923 ","$16,478,521 ","$17,873,795 ","$7,768,067 ","$15,354,867 ","$80,495,173 ",2020
Bills,"$8,756,449 ","$5,465,493 ","$34,088,188 ","$10,368,680 ","$38,644,130 ","$97,322,940 ","$21,223,086 ","$31,426,602 ","$16,731,863 ","$16,659,474 ","$20,736,847 ","$106,777,872 ",2020
Seahawks,"$32,063,900 ","$9,951,728 ","$16,222,301 ","$12,094,038 ","$26,646,044 ","$96,978,011 ","$11,979,291 ","$11,274,881 ","$33,886,063 ","$11,699,875 ","$10,554,173 ","$79,394,283 ",2020
Falcons,"$21,507,782 ","$9,372,815 ","$26,854,214 ","$3,078,558 ","$35,991,007 ","$96,804,376 ","$17,819,198 ","$14,691,090 ","$13,006,119 ","$17,770,690 ","$7,025,458 ","$70,312,555 ",2020
49ers,"$28,656,986 ","$12,651,495 ","$11,274,168 ","$8,237,185 ","$34,553,407 ","$95,373,241 ","$12,427,647 ","$27,179,317 ","$4,658,200 ","$12,992,886 ","$23,135,002 ","$80,393,052 ",2020
Saints,"$29,615,000 ","$10,071,475 ","$15,770,933 ","$12,818,826 ","$26,828,544 ","$95,104,778 ","$15,509,386 ","$14,776,363 ","$14,017,409 ","$6,835,585 ","$15,982,911 ","$67,121,654 ",2020
Bengals,"$7,882,344 ","$10,305,900 ","$37,184,947 ","$9,965,411 ","$27,247,745 ","$92,586,347 ","$29,271,973 ","$4,182,486 ","$5,961,669 ","$13,144,334 ","$27,676,010 ","$80,236,472 ",2020
Giants,"$8,405,304 ","$13,923,430 ","$23,880,958 ","$7,419,447 ","$35,630,875 ","$89,260,014 ","$24,137,314 ","$7,290,295 ","$16,794,724 ","$14,908,372 ","$13,037,624 ","$76,168,329 ",2020
Chargers,"$13,077,156 ","$7,122,592 ","$19,513,770 ","$16,077,000 ","$32,040,903 ","$87,831,421 ","$11,318,006 ","$34,806,798 ","$15,450,481 ","$8,080,983 ","$22,250,416 ","$91,906,684 ",2020
Rams,"$29,742,082 ","$4,617,451 ","$16,494,036 ","$12,714,317 ","$22,942,443 ","$86,510,329 ","$33,835,477 ","$12,064,881 ","$3,154,812 ","$6,219,689 ","$12,460,591 ","$67,735,450 ",2020
Bears,"$16,294,775 ","$5,188,323 ","$25,075,558 ","$10,102,779 ","$29,765,996 ","$86,427,431 ","$23,369,611 ","$34,953,918 ","$11,570,430 ","$7,673,452 ","$22,163,187 ","$99,730,598 ",2020
Panthers,"$15,601,427 ","$12,031,841 ","$16,714,487 ","$2,979,798 ","$35,976,093 ","$83,303,646 ","$26,270,183 ","$11,266,370 ","$12,158,932 ","$9,916,654 ","$4,327,671 ","$63,939,810 ",2020
Lions,"$23,776,471 ","$4,561,066 ","$17,671,718 ","$10,449,973 ","$22,917,842 ","$79,377,070 ","$8,469,068 ","$26,497,026 ","$16,088,641 ","$8,317,073 ","$27,875,270 ","$87,247,078 ",2020
Steelers,"$25,787,420 ","$3,152,932 ","$5,904,043 ","$8,917,978 ","$34,322,786 ","$78,085,159 ","$31,946,840 ","$20,928,988 ","$14,097,958 ","$7,531,643 ","$22,491,577 ","$96,997,006 ",2020
Cardinals,"$9,578,101 ","$10,593,827 ","$23,209,798 ","$5,105,235 ","$29,353,069 ","$77,840,030 ","$12,796,580 ","$32,876,967 ","$18,224,888 ","$6,926,444 ","$25,002,424 ","$95,827,303 ",2020
Vikings,"$22,173,100 ","$7,162,164 ","$17,888,635 ","$11,517,438 ","$17,340,511 ","$76,081,848 ","$8,975,453 ","$11,670,056 ","$24,254,783 ","$23,730,611 ","$7,944,494 ","$76,575,397 ",2020
Commanders,"$21,143,235 ","$4,636,838 ","$5,094,070 ","$5,735,630 ","$37,529,075 ","$74,138,848 ","$14,842,436 ","$23,435,574 ","$10,601,855 ","$17,618,175 ","$12,168,640 ","$78,666,680 ",2020
Patriots,"$3,605,328 ","$11,650,746 ","$18,385,266 ","$2,423,440 ","$37,449,919 ","$73,514,699 ","$13,774,273 ","$10,921,606 ","$2,456,912 ","$13,468,641 ","$40,532,199 ","$81,153,631 ",2020
Jets,"$10,741,087 ","$2,359,512 ","$20,094,445 ","$6,041,573 ","$30,068,651 ","$69,305,268 ","$18,519,603 ","$7,043,171 ","$16,895,382 ","$8,641,644 ","$9,088,228 ","$60,188,028 ",2020
Dolphins,"$13,738,107 ","$6,048,483 ","$12,934,747 ","$5,150,508 ","$25,769,545 ","$63,641,390 ","$8,882,281 ","$30,184,088 ","$9,679,600 ","$15,602,600 ","$34,531,218 ","$98,879,787 ",2020
Jaguars,"$2,218,968 ","$4,284,150 ","$13,008,642 ","$7,035,664 ","$34,261,623 ","$60,809,047 ","$9,073,262 ","$10,129,711 ","$24,171,380 ","$6,022,218 ","$15,313,716 ","$64,710,287 ",2020
Ravens,"$5,966,788 ","$8,155,745 ","$12,794,229 ","$8,389,562 ","$21,116,613 ","$56,422,937 ","$27,706,314 ","$25,887,415 ","$7,122,223 ","$6,137,220 ","$36,177,351 ","$103,030,523 ",2020
Broncos,"$3,938,956 ","$9,025,620 ","$9,316,695 ","$7,139,192 ","$24,536,776 ","$53,957,239 ","$23,618,489 ","$36,419,854 ","$3,752,646 ","$27,037,756 ","$20,138,402 ","$110,967,147 ",2020
Browns,"$17,953,574 ","$12,035,178 ","$18,397,436 ","$16,112,858 ","$48,082,696 ","$112,581,742 ","$4,940,321 ","$18,031,468 ","$8,430,221 ","$10,599,169 ","$16,475,385 ","$58,476,564 ",2021
Cowboys,"$19,135,600 ","$9,421,449 ","$33,396,526 ","$8,390,452 ","$33,054,614 ","$103,398,641 ","$7,668,124 ","$31,773,423 ","$11,100,359 ","$5,742,020 ","$15,221,629 ","$71,505,555 ",2021
Colts,"$22,136,113 ","$6,827,157 ","$16,192,231 ","$10,466,191 ","$43,792,546 ","$99,414,238 ","$29,958,645 ","$11,329,895 ","$13,284,980 ","$5,690,631 ","$17,788,830 ","$78,052,981 ",2021
Packers,"$30,581,060 ","$6,594,753 ","$25,476,456 ","$6,298,940 ","$25,662,744 ","$94,613,953 ","$14,912,057 ","$30,741,794 ","$3,709,686 ","$12,249,104 ","$10,494,161 ","$72,106,802 ",2021
Jets,"$7,962,377 ","$3,954,009 ","$29,573,413 ","$6,176,082 ","$45,637,619 ","$93,303,500 ","$18,957,019 ","$17,880,400 ","$16,904,572 ","$15,659,946 ","$6,983,190 ","$76,385,127 ",2021
Buccaneers,"$13,552,013 ","$7,903,400 ","$27,844,841 ","$11,246,722 ","$32,632,000 ","$93,178,976 ","$18,437,066 ","$20,874,895 ","$14,636,136 ","$6,607,793 ","$10,080,486 ","$70,636,376 ",2021
Chargers,"$8,035,281 ","$8,542,094 ","$34,801,898 ","$7,986,554 ","$32,588,937 ","$91,954,764 ","$19,659,580 ","$25,210,644 ","$8,301,664 ","$7,817,229 ","$22,630,464 ","$83,619,581 ",2021
49ers,"$33,349,156 ","$8,755,882 ","$9,519,367 ","$7,605,421 ","$29,961,607 ","$89,191,433 ","$21,445,797 ","$25,138,133 ","$7,616,028 ","$9,059,886 ","$12,969,437 ","$76,229,281 ",2021
Seahawks,"$33,507,500 ","$8,917,195 ","$12,939,419 ","$6,010,177 ","$26,938,287 ","$88,312,578 ","$9,216,698 ","$11,869,192 ","$24,484,624 ","$11,188,515 ","$6,760,542 ","$63,519,571 ",2021
Jaguars,"$8,947,733 ","$6,466,686 ","$14,495,851 ","$6,349,550 ","$51,489,049 ","$87,748,869 ","$12,950,289 ","$18,128,257 ","$17,240,543 ","$6,730,468 ","$14,101,980 ","$69,151,537 ",2021
Cardinals,"$11,081,777 ","$4,387,168 ","$22,461,209 ","$10,860,784 ","$38,223,833 ","$87,014,771 ","$17,619,203 ","$33,036,833 ","$17,081,727 ","$11,793,083 ","$5,346,723 ","$84,877,569 ",2021
Titans,"$12,020,333 ","$15,512,770 ","$9,832,138 ","$7,244,014 ","$41,177,168 ","$85,786,423 ","$10,176,787 ","$10,731,638 ","$10,537,795 ","$18,006,045 ","$11,198,678 ","$60,650,943 ",2021
Giants,"$8,984,088 ","$14,243,098 ","$17,100,319 ","$13,588,566 ","$30,547,004 ","$84,463,075 ","$17,946,070 ","$6,332,731 ","$11,369,889 ","$16,104,871 ","$20,717,406 ","$72,470,967 ",2021
Falcons,"$29,429,000 ","$3,371,749 ","$12,173,921 ","$10,820,907 ","$28,356,946 ","$84,152,523 ","$28,858,522 ","$13,833,204 ","$10,355,974 ","$5,057,903 ","$8,919,054 ","$67,024,657 ",2021
Dolphins,"$11,954,381 ","$5,920,953 ","$38,584,072 ","$10,306,584 ","$16,909,929 ","$83,675,919 ","$13,066,824 ","$11,270,090 ","$9,884,867 ","$12,997,394 ","$34,411,144 ","$81,630,319 ",2021
Raiders,"$25,765,000 ","$10,563,364 ","$5,819,855 ","$8,743,209 ","$32,231,713 ","$83,123,141 ","$11,778,821 ","$18,564,836 ","$19,055,704 ","$6,248,290 ","$9,303,864 ","$64,951,515 ",2021
Commanders,"$13,591,944 ","$3,951,831 ","$11,023,030 ","$7,081,381 ","$43,517,622 ","$79,165,808 ","$20,312,747 ","$13,948,471 ","$10,373,793 ","$22,785,858 ","$22,097,770 ","$89,518,639 ",2021
Vikings,"$33,286,933 ","$7,166,003 ","$14,628,459 ","$4,765,830 ","$18,976,157 ","$78,823,382 ","$15,957,772 ","$17,192,697 ","$23,783,390 ","$10,655,965 ","$12,555,136 ","$80,144,960 ",2021
Texans,"$22,848,835 ","$8,294,192 ","$11,736,292 ","$5,623,184 ","$29,182,608 ","$77,685,111 ","$9,920,959 ","$6,488,018 ","$13,244,544 ","$13,656,590 ","$13,021,581 ","$56,331,692 ",2021
Bengals,"$9,918,102 ","$11,151,410 ","$20,240,018 ","$8,811,429 ","$25,634,500 ","$75,755,459 ","$24,636,551 ","$18,701,932 ","$6,670,520 ","$11,945,326 ","$32,331,140 ","$94,285,469 ",2021
Bills,"$12,943,981 ","$4,749,059 ","$22,340,141 ","$2,152,750 ","$32,975,145 ","$75,161,076 ","$21,438,386 ","$24,237,883 ","$23,070,184 ","$13,577,981 ","$13,341,560 ","$95,665,994 ",2021
Bears,"$15,162,197 ","$6,793,142 ","$23,816,178 ","$9,074,724 ","$18,806,298 ","$73,652,539 ","$26,939,624 ","$29,052,430 ","$14,937,106 ","$8,872,500 ","$6,517,421 ","$86,319,081 ",2021
Patriots,"$3,842,908 ","$5,995,321 ","$17,865,475 ","$15,278,024 ","$29,626,483 ","$72,608,211 ","$9,620,537 ","$17,559,662 ","$22,789,047 ","$20,807,958 ","$20,534,652 ","$91,311,856 ",2021
Rams,"$21,515,000 ","$6,524,693 ","$15,345,744 ","$8,559,019 ","$19,911,195 ","$71,855,651 ","$24,636,263 ","$10,301,210 ","$2,935,466 ","$4,560,477 ","$17,562,194 ","$59,995,610 ",2021
Broncos,"$7,063,475 ","$12,823,198 ","$15,644,823 ","$5,387,629 ","$27,755,031 ","$68,674,156 ","$10,943,846 ","$12,395,715 ","$10,360,250 ","$13,133,496 ","$28,883,123 ","$75,716,430 ",2021
Saints,"$4,266,117 ","$8,210,277 ","$14,666,168 ","$11,853,791 ","$29,430,260 ","$68,426,613 ","$8,119,313 ","$16,877,510 ","$11,701,382 ","$19,014,778 ","$8,281,114 ","$63,994,097 ",2021
Steelers,"$29,853,066 ","$5,480,165 ","$8,548,274 ","$6,995,881 ","$15,125,238 ","$66,002,624 ","$23,090,770 ","$10,365,229 ","$11,332,162 ","$7,309,930 ","$21,940,345 ","$74,038,436 ",2021
Chiefs,"$9,351,714 ","$5,433,901 ","$22,867,909 ","$9,570,894 ","$18,617,755 ","$65,842,173 ","$18,486,165 ","$29,594,317 ","$15,978,427 ","$23,604,868 ","$9,058,130 ","$96,721,907 ",2021
Ravens,"$4,028,597 ","$7,300,004 ","$14,428,685 ","$10,494,617 ","$26,461,996 ","$62,713,899 ","$32,559,525 ","$9,520,273 ","$8,917,743 ","$7,604,949 ","$31,470,976 ","$90,073,466 ",2021
Panthers,"$11,654,685 ","$8,710,326 ","$16,677,314 ","$4,033,313 ","$21,170,301 ","$62,245,939 ","$14,544,720 ","$11,028,902 ","$10,498,344 ","$8,287,077 ","$19,983,381 ","$64,342,424 ",2021
Lions,"$14,042,071 ","$5,166,911 ","$5,166,732 ","$6,768,589 ","$30,734,194 ","$61,878,497 ","$10,650,670 ","$28,999,584 ","$6,343,876 ","$6,480,559 ","$11,531,638 ","$64,006,327 ",2021
Eagles,"$2,622,691 ","$3,587,095 ","$10,234,216 ","$5,787,910 ","$38,148,853 ","$60,380,765 ","$21,527,711 ","$16,619,103 ","$5,457,482 ","$5,487,108 ","$15,124,292 ","$64,215,696 ",2021
Commanders,"$32,853,576 ","$5,121,964 ","$28,411,119 ","$9,657,546 ","$35,455,377 ","$111,499,582 ","$20,137,963 ","$17,081,969 ","$9,648,261 ","$6,572,800 ","$15,391,044 ","$68,832,037 ",2022
Cowboys,"$21,325,834 ","$20,945,082 ","$13,438,525 ","$13,499,164 ","$41,380,342 ","$110,588,947 ","$4,691,866 ","$23,055,757 ","$11,775,184 ","$9,347,479 ","$18,798,262 ","$67,668,548 ",2022
Chiefs,"$38,825,381 ","$6,354,516 ","$17,174,008 ","$11,542,063 ","$32,124,103 ","$106,020,071 ","$35,145,929 ","$21,080,281 ","$5,261,411 ","$10,692,255 ","$5,600,619 ","$77,780,495 ",2022
Titans,"$39,710,700 ","$11,960,977 ","$14,123,712 ","$6,991,640 ","$29,697,377 ","$102,484,406 ","$16,401,876 ","$27,135,472 ","$8,756,546 ","$14,194,523 ","$11,447,369 ","$77,935,786 ",2022
Jets,"$14,312,222 ","$4,608,666 ","$25,719,256 ","$8,380,587 ","$46,776,978 ","$99,797,709 ","$20,430,097 ","$33,306,114 ","$10,709,069 ","$8,834,308 ","$16,520,137 ","$89,799,725 ",2022
Lions,"$32,219,500 ","$9,162,629 ","$14,045,393 ","$2,328,750 ","$41,941,085 ","$99,697,357 ","$12,747,744 ","$28,277,728 ","$8,275,184 ","$8,925,370 ","$18,071,989 ","$76,298,015 ",2022
Cardinals,"$16,348,925 ","$6,213,758 ","$24,621,833 ","$7,121,287 ","$44,681,251 ","$98,987,054 ","$23,503,243 ","$9,842,220 ","$15,369,345 ","$19,606,956 ","$7,124,107 ","$75,445,871 ",2022
Patriots,"$6,453,362 ","$5,591,629 ","$35,197,112 ","$23,907,622 ","$26,861,818 ","$98,011,543 ","$18,729,027 ","$23,139,595 ","$8,224,132 ","$17,181,924 ","$19,990,358 ","$87,265,036 ",2022
Chargers,"$10,283,406 ","$9,875,576 ","$37,408,149 ","$7,250,247 ","$31,772,859 ","$96,590,237 ","$13,777,389 ","$41,335,618 ","$9,663,825 ","$13,289,700 ","$21,839,498 ","$99,906,030 ",2022
Vikings,"$32,714,868 ","$15,003,672 ","$20,983,931 ","$4,284,548 ","$23,308,381 ","$96,295,400 ","$15,474,289 ","$19,943,129 ","$19,514,329 ","$12,077,857 ","$10,659,606 ","$77,669,210 ",2022
Packers,"$32,117,878 ","$7,807,590 ","$12,102,936 ","$9,967,867 ","$31,221,736 ","$93,218,007 ","$22,816,924 ","$18,660,198 ","$9,700,624 ","$15,340,635 ","$15,826,881 ","$82,345,262 ",2022
Buccaneers,"$15,762,231 ","$7,606,106 ","$25,649,717 ","$6,774,488 ","$36,945,947 ","$92,738,489 ","$16,245,569 ","$13,044,679 ","$26,999,723 ","$6,991,080 ","$16,467,478 ","$79,748,529 ",2022
Broncos,"$18,082,500 ","$6,405,499 ","$19,436,070 ","$5,262,023 ","$43,074,703 ","$92,260,795 ","$13,772,100 ","$10,635,344 ","$6,989,055 ","$23,249,297 ","$22,834,821 ","$77,480,617 ",2022
Ravens,"$24,100,655 ","$8,179,654 ","$7,616,822 ","$12,307,075 ","$38,678,276 ","$90,882,482 ","$11,195,023 ","$14,877,531 ","$7,852,081 ","$12,066,802 ","$32,103,215 ","$78,094,652 ",2022
Jaguars,"$11,319,156 ","$5,232,412 ","$29,108,793 ","$16,652,093 ","$28,354,461 ","$90,666,915 ","$18,616,330 ","$29,701,227 ","$11,848,942 ","$14,816,692 ","$28,605,261 ","$103,588,452 ",2022
Dolphins,"$15,532,211 ","$6,283,012 ","$22,148,490 ","$19,623,554 ","$25,147,971 ","$88,735,238 ","$22,072,401 ","$16,107,979 ","$15,828,692 ","$10,737,529 ","$29,180,509 ","$93,927,110 ",2022
Bengals,"$11,332,371 ","$15,533,810 ","$22,298,088 ","$7,324,969 ","$30,652,020 ","$87,141,258 ","$25,457,899 ","$24,666,921 ","$7,997,820 ","$26,928,297 ","$20,293,823 ","$105,344,760 ",2022
Colts,"$22,163,558 ","$3,818,974 ","$9,081,436 ","$9,255,943 ","$42,356,344 ","$86,676,255 ","$29,095,351 ","$22,019,573 ","$20,698,461 ","$5,299,201 ","$21,899,515 ","$99,012,101 ",2022
Browns,"$14,942,928 ","$14,503,104 ","$11,614,046 ","$6,171,535 ","$37,805,257 ","$85,036,870 ","$9,433,318 ","$19,071,235 ","$9,826,334 ","$11,808,926 ","$12,414,924 ","$62,554,737 ",2022
Giants,"$11,387,502 ","$9,341,218 ","$33,814,024 ","$964,500 ","$29,496,146 ","$85,003,390 ","$22,368,816 ","$11,294,138 ","$3,987,964 ","$7,641,916 ","$15,143,232 ","$60,436,066 ",2022
Saints,"$7,103,500 ","$9,824,543 ","$25,618,265 ","$7,923,351 ","$31,639,451 ","$82,109,110 ","$11,178,334 ","$22,420,038 ","$11,770,496 ","$11,076,225 ","$15,450,274 ","$71,895,367 ",2022
Raiders,"$20,418,333 ","$9,227,435 ","$19,243,265 ","$15,179,098 ","$17,819,365 ","$81,887,496 ","$8,277,623 ","$27,221,208 ","$7,958,161 ","$4,938,654 ","$10,529,295 ","$58,924,941 ",2022
49ers,"$22,715,235 ","$3,134,553 ","$15,039,393 ","$10,376,509 ","$29,524,154 ","$80,789,844 ","$18,535,038 ","$25,268,938 ","$16,541,317 ","$17,549,904 ","$14,537,091 ","$92,432,288 ",2022
Bills,"$20,230,481 ","$7,299,886 ","$18,982,654 ","$4,501,683 ","$29,350,967 ","$80,365,671 ","$16,458,562 ","$12,078,022 ","$24,091,768 ","$18,151,730 ","$26,310,989 ","$97,091,071 ",2022
Panthers,"$20,461,726 ","$3,829,960 ","$12,882,679 ","$5,253,310 ","$33,291,588 ","$75,719,263 ","$11,405,978 ","$9,462,303 ","$23,312,667 ","$6,802,770 ","$16,752,502 ","$67,736,220 ",2022
Rams,"$16,649,944 ","$2,816,993 ","$28,497,273 ","$5,474,116 ","$20,272,409 ","$73,710,735 ","$42,836,620 ","$9,399,149 ","$5,686,025 ","$6,950,860 ","$30,915,195 ","$95,787,849 ",2022
Seahawks,"$5,309,222 ","$9,510,195 ","$23,912,230 ","$7,941,161 ","$23,568,919 ","$70,241,727 ","$24,351,722 ","$16,138,952 ","$10,206,077 ","$18,131,252 ","$7,838,060 ","$76,666,063 ",2022
Eagles,"$5,008,230 ","$5,245,906 ","$13,659,798 ","$6,148,811 ","$37,545,173 ","$67,607,918 ","$30,816,368 ","$21,673,435 ","$6,090,121 ","$5,344,794 ","$17,532,680 ","$81,457,398 ",2022
Texans,"$3,856,318 ","$5,480,218 ","$16,068,691 ","$3,710,583 ","$37,408,894 ","$66,524,704 ","$7,425,859 ","$15,929,240 ","$12,683,243 ","$9,515,023 ","$16,819,387 ","$62,372,752 ",2022
Falcons,"$6,303,695 ","$4,894,510 ","$9,535,858 ","$10,678,128 ","$32,848,444 ","$64,260,635 ","$18,104,464 ","$6,077,102 ","$4,917,321 ","$4,468,126 ","$14,033,033 ","$47,600,046 ",2022
Bears,"$6,917,413 ","$4,900,984 ","$11,115,639 ","$5,756,091 ","$27,473,483 ","$56,163,610 ","$11,799,311 ","$5,649,095 ","$6,862,834 ","$20,336,001 ","$5,518,865 ","$50,166,106 ",2022
Steelers,"$10,257,801 ","$5,678,067 ","$15,219,777 ","$3,360,462 ","$18,038,971 ","$52,555,078 ","$35,843,671 ","$27,954,767 ","$16,767,187 ","$13,290,212 ","$16,048,278 ","$109,904,115 ",2022
Lions,"$36,535,623 ","$7,823,880 ","$14,431,712 ","$4,531,729 ","$57,744,745 ","$121,067,689 ","$7,990,415 ","$23,610,715 ","$9,919,014 ","$14,934,567 ","$11,698,296 ","$68,153,007 ",2023
Ravens,"$25,727,000 ","$7,188,004 ","$18,520,033 ","$15,783,915 ","$49,466,132 ","$116,685,084 ","$13,237,691 ","$13,528,079 ","$15,267,260 ","$13,732,729 ","$21,261,108 ","$77,026,867 ",2023
Browns,"$21,310,900 ","$17,967,537 ","$32,045,047 ","$9,429,925 ","$35,323,162 ","$116,076,571 ","$12,010,192 ","$23,799,187 ","$9,814,588 ","$9,074,803 ","$20,568,166 ","$75,266,936 ",2023
Chiefs,"$38,471,991 ","$5,995,507 ","$21,172,132 ","$18,162,056 ","$31,098,916 ","$114,900,602 ","$31,133,543 ","$14,072,463 ","$9,378,712 ","$18,650,626 ","$9,245,043 ","$82,480,387 ",2023
Broncos,"$25,324,999 ","$7,149,711 ","$35,183,330 ","$6,352,259 ","$38,618,150 ","$112,628,449 ","$24,862,987 ","$4,526,343 ","$14,127,677 ","$22,540,687 ","$14,468,988 ","$80,526,682 ",2023
Bengals,"$20,662,376 ","$11,546,595 ","$26,330,982 ","$4,404,722 ","$45,572,952 ","$108,517,627 ","$30,709,462 ","$30,195,051 ","$13,247,332 ","$6,969,434 ","$19,193,449 ","$100,314,728 ",2023
Jaguars,"$12,255,031 ","$5,806,696 ","$37,563,138 ","$7,141,203 ","$42,273,633 ","$105,039,701 ","$20,911,594 ","$29,132,731 ","$16,769,150 ","$11,236,873 ","$20,009,601 ","$98,059,949 ",2023
Cowboys,"$29,897,647 ","$12,991,331 ","$21,347,863 ","$3,722,616 ","$35,528,357 ","$103,487,814 ","$8,220,061 ","$34,996,418 ","$5,475,007 ","$17,130,674 ","$28,894,961 ","$94,717,121 ",2023
Raiders,"$9,534,345 ","$18,687,945 ","$35,668,800 ","$5,925,278 ","$33,514,610 ","$103,330,978 ","$13,106,007 ","$19,273,451 ","$6,772,298 ","$9,333,209 ","$7,681,349 ","$56,166,314 ",2023
Saints,"$12,408,203 ","$12,126,724 ","$22,222,539 ","$12,191,500 ","$43,563,460 ","$102,512,426 ","$7,505,681 ","$28,983,754 ","$14,549,472 ","$10,441,408 ","$18,122,882 ","$79,603,197 ",2023
Falcons,"$8,433,855 ","$11,637,972 ","$11,474,422 ","$17,210,259 ","$51,051,501 ","$99,808,009 ","$39,789,542 ","$13,485,272 ","$7,643,620 ","$13,471,586 ","$14,468,617 ","$88,858,637 ",2023
Bills,"$19,944,781 ","$6,387,880 ","$25,829,273 ","$10,298,780 ","$36,560,924 ","$99,021,638 ","$25,176,111 ","$17,577,921 ","$13,860,962 ","$18,533,178 ","$35,531,181 ","$110,679,353 ",2023
Texans,"$10,832,235 ","$5,893,858 ","$14,185,112 ","$8,001,521 ","$58,882,249 ","$97,794,975 ","$17,378,999 ","$14,571,357 ","$8,552,772 ","$14,893,594 ","$17,526,513 ","$72,923,235 ",2023
Dolphins,"$13,313,645 ","$7,470,844 ","$33,529,421 ","$5,132,126 ","$35,393,055 ","$94,839,091 ","$33,662,405 ","$16,339,567 ","$19,519,036 ","$7,166,219 ","$23,676,297 ","$100,363,524 ",2023
Chargers,"$9,870,043 ","$10,069,324 ","$32,782,528 ","$11,307,054 ","$30,804,697 ","$94,833,646 ","$15,376,038 ","$35,734,350 ","$11,417,981 ","$15,584,320 ","$14,668,036 ","$92,780,725 ",2023
Titans,"$39,507,688 ","$18,835,379 ","$12,851,877 ","$3,704,349 ","$19,163,119 ","$94,062,412 ","$18,325,569 ","$16,752,582 ","$6,146,403 ","$11,680,278 ","$13,328,195 ","$66,233,027 ",2023
Giants,"$22,803,889 ","$13,762,630 ","$15,943,216 ","$6,060,250 ","$34,196,853 ","$92,766,838 ","$13,122,221 ","$12,385,237 ","$9,350,386 ","$5,445,447 ","$27,687,240 ","$67,990,531 ",2023
Jets,"$19,102,104 ","$2,960,573 ","$13,913,451 ","$14,687,123 ","$42,079,259 ","$92,742,510 ","$11,570,877 ","$21,834,351 ","$27,794,495 ","$13,188,903 ","$22,095,069 ","$96,483,695 ",2023
Patriots,"$5,245,820 ","$4,821,153 ","$20,801,742 ","$21,306,666 ","$38,012,301 ","$90,187,682 ","$20,265,313 ","$29,805,933 ","$14,110,082 ","$14,290,391 ","$19,874,542 ","$98,346,261 ",2023
Bears,"$6,584,118 ","$5,775,142 ","$28,376,015 ","$12,444,823 ","$36,921,463 ","$90,101,561 ","$19,921,124 ","$19,015,804 ","$22,636,516 ","$21,600,500 ","$8,687,030 ","$91,860,974 ",2023
Colts,"$10,809,409 ","$7,775,210 ","$11,072,272 ","$9,484,906 ","$50,841,263 ","$89,983,060 ","$29,746,407 ","$16,334,361 ","$10,095,667 ","$6,112,849 ","$15,060,884 ","$77,350,168 ",2023
Seahawks,"$14,266,244 ","$5,057,050 ","$30,772,379 ","$18,130,277 ","$20,512,917 ","$88,738,867 ","$21,040,599 ","$17,097,547 ","$18,459,813 ","$28,153,199 ","$11,493,442 ","$96,244,600 ",2023
Commanders,"$9,564,844 ","$5,355,146 ","$32,779,538 ","$12,447,823 ","$27,506,417 ","$87,653,768 ","$33,635,504 ","$6,248,880 ","$10,933,437 ","$10,342,339 ","$17,426,852 ","$78,587,012 ",2023
Eagles,"$8,882,916 ","$5,384,640 ","$19,916,139 ","$9,288,951 ","$42,619,023 ","$86,091,669 ","$17,018,360 ","$25,305,439 ","$6,301,993 ","$4,819,037 ","$24,210,775 ","$77,655,604 ",2023
Steelers,"$10,229,417 ","$4,906,394 ","$23,351,905 ","$4,109,626 ","$43,441,560 ","$86,038,902 ","$35,902,590 ","$35,024,267 ","$9,489,475 ","$16,246,900 ","$15,023,899 ","$111,687,131 ",2023
Cardinals,"$16,844,656 ","$11,733,088 ","$20,520,977 ","$3,620,907 ","$33,142,571 ","$85,862,199 ","$6,469,199 ","$13,032,601 ","$7,665,578 ","$24,169,555 ","$6,545,239 ","$57,882,172 ",2023
Rams,"$21,286,450 ","$3,052,046 ","$22,632,617 ","$9,799,014 ","$28,478,390 ","$85,248,517 ","$31,122,768 ","$4,996,437 ","$4,249,231 ","$6,341,775 ","$5,030,039 ","$51,740,250 ",2023
Vikings,"$23,628,151 ","$6,144,302 ","$12,015,614 ","$9,855,300 ","$26,564,670 ","$78,208,037 ","$13,546,583 ","$32,307,569 ","$8,879,207 ","$19,441,029 ","$8,170,123 ","$82,344,511 ",2023
49ers,"$8,281,753 ","$5,395,448 ","$18,223,006 ","$13,286,186 ","$25,578,471 ","$70,764,864 ","$27,294,506 ","$17,077,536 ","$21,114,415 ","$7,048,837 ","$12,092,568 ","$84,627,862 ",2023
Buccaneers,"$3,770,748 ","$3,380,875 ","$39,820,879 ","$3,159,066 ","$19,928,871 ","$70,060,439 ","$14,979,116 ","$18,421,962 ","$16,801,474 ","$5,863,771 ","$13,556,629 ","$69,622,952 ",2023
Packers,"$5,456,316 ","$11,155,155 ","$7,228,087 ","$5,266,808 ","$40,304,214 ","$69,410,580 ","$19,015,115 ","$23,472,274 ","$11,580,553 ","$6,760,474 ","$18,786,231 ","$79,614,647 ",2023
Panthers,"$9,032,922 ","$4,833,093 ","$11,922,974 ","$9,154,683 ","$33,305,638 ","$68,249,310 ","$15,005,956 ","$25,011,225 ","$23,273,001 ","$13,624,144 ","$20,789,261 ","$97,703,587 ",2023
Browns,"$67,695,745 ","$22,078,037 ","$38,225,061 ","$12,755,000 ","$51,656,274 ","$192,410,117 ","$17,383,473 ","$32,765,579 ","$9,199,388 ","$10,521,166 ","$20,396,817 ","$90,266,423 ",2024
Rams,"$54,443,533 ","$2,995,935 ","$38,507,416 ","$20,405,767 ","$64,908,406 ","$181,261,057 ","$29,292,245 ","$9,132,948 ","$6,627,822 ","$7,992,058 ","$9,540,716 ","$62,585,789 ",2024
Cowboys,"$63,318,364 ","$5,024,999 ","$49,521,573 ","$4,370,465 ","$36,986,864 ","$159,222,265 ","$9,030,606 ","$30,374,692 ","$6,126,820 ","$15,403,558 ","$20,911,242 ","$81,846,918 ",2024
Broncos,"$60,985,000 ","$9,035,922 ","$35,315,659 ","$6,267,644 ","$45,171,695 ","$156,775,920 ","$28,550,322 ","$10,751,321 ","$13,386,681 ","$10,633,297 ","$15,587,789 ","$78,909,410 ",2024
Chiefs,"$38,798,269 ","$5,556,443 ","$24,067,139 ","$20,605,654 ","$64,588,993 ","$153,616,498 ","$14,750,000 ","$20,588,910 ","$10,782,617 ","$20,627,516 ","$9,863,485 ","$76,612,528 ",2024
Giants,"$53,770,000 ","$7,795,963 ","$18,447,465 ","$18,579,528 ","$52,827,696 ","$151,420,652 ","$21,903,397 ","$31,239,703 ","$15,021,426 ","$5,231,569 ","$14,367,204 ","$87,763,299 ",2024
Cardinals,"$51,313,375 ","$16,104,333 ","$16,025,180 ","$4,343,089 ","$60,763,667 ","$148,549,644 ","$18,408,333 ","$15,811,692 ","$10,704,774 ","$34,453,044 ","$13,922,816 ","$93,300,659 ",2024
Colts,"$13,813,592 ","$13,492,245 ","$31,200,015 ","$14,405,010 ","$69,179,844 ","$142,090,706 ","$41,395,185 ","$20,994,672 ","$20,515,000 ","$5,185,996 ","$15,591,824 ","$103,682,677 ",2024
49ers,"$4,794,253 ","$16,233,227 ","$52,303,094 ","$15,260,023 ","$53,157,015 ","$141,747,612 ","$54,125,209 ","$26,725,261 ","$28,542,249 ","$11,800,523 ","$28,932,580 ","$150,125,822 ",2024
Panthers,"$13,593,153 ","$14,739,293 ","$31,092,882 ","$8,183,383 ","$71,652,953 ","$139,261,664 ","$26,076,666 ","$16,807,031 ","$9,725,833 ","$15,199,051 ","$14,460,001 ","$82,268,582 ",2024
Falcons,"$29,530,000 ","$7,969,088 ","$20,521,755 ","$14,904,525 ","$65,158,415 ","$138,083,783 ","$37,767,653 ","$14,707,941 ","$12,929,611 ","$24,975,916 ","$19,080,883 ","$109,462,004 ",2024
Texans,"$15,929,874 ","$8,468,858 ","$43,838,354 ","$14,778,847 ","$54,663,736 ","$137,679,669 ","$10,744,706 ","$34,959,842 ","$12,504,714 ","$17,960,648 ","$26,091,756 ","$102,261,666 ",2024
Saints,"$19,494,020 ","$27,233,895 ","$22,438,644 ","$28,866,059 ","$36,724,604 ","$134,757,222 ","$11,907,171 ","$32,732,557 ","$18,007,201 ","$11,108,682 ","$22,947,008 ","$96,702,619 ",2024
Jaguars,"$16,912,428 ","$6,464,608 ","$45,733,321 ","$11,601,628 ","$52,638,358 ","$133,350,343 ","$19,383,545 ","$37,977,034 ","$24,889,222 ","$13,058,401 ","$13,316,004 ","$108,624,206 ",2024
Bengals,"$30,629,982 ","$6,209,320 ","$37,759,439 ","$8,552,500 ","$46,982,646 ","$130,133,887 ","$27,728,281 ","$36,967,227 ","$18,507,715 ","$12,688,666 ","$13,548,645 ","$109,440,534 ",2024
Lions,"$34,584,843 ","$14,922,478 ","$17,758,812 ","$7,167,002 ","$54,815,406 ","$129,248,541 ","$17,484,880 ","$17,907,240 ","$17,883,315 ","$3,994,006 ","$27,030,757 ","$84,300,198 ",2024
Dolphins,"$29,386,552 ","$9,015,131 ","$48,020,623 ","$7,371,126 ","$30,972,688 ","$124,766,120 ","$14,567,000 ","$26,713,286 ","$15,123,383 ","$7,751,095 ","$43,031,361 ","$107,186,125 ",2024
Raiders,"$38,294,345 ","$6,804,945 ","$38,797,806 ","$8,081,736 ","$28,919,743 ","$120,898,575 ","$19,233,343 ","$35,316,578 ","$11,554,940 ","$15,146,481 ","$11,268,660 ","$92,520,002 ",2024
Seahawks,"$27,385,000 ","$5,597,707 ","$51,877,726 ","$12,530,000 ","$20,229,122 ","$117,619,555 ","$39,783,543 ","$17,941,742 ","$15,845,000 ","$15,443,700 ","$17,484,843 ","$106,498,828 ",2024
Eagles,"$17,489,330 ","$6,843,881 ","$25,582,019 ","$14,085,118 ","$53,331,501 ","$117,331,849 ","$23,053,637 ","$26,667,020 ","$9,149,269 ","$4,975,635 ","$24,850,796 ","$88,696,357 ",2024
Vikings,"$8,214,818 ","$7,582,910 ","$32,959,014 ","$23,200,176 ","$42,604,736 ","$114,561,654 ","$16,333,277 ","$13,407,909 ","$6,399,843 ","$19,534,491 ","$23,857,733 ","$79,533,253 ",2024
Ravens,"$34,467,500 ","$9,791,588 ","$15,332,344 ","$19,974,915 ","$34,855,418 ","$114,421,765 ","$24,061,771 ","$7,656,783 ","$18,088,296 ","$23,446,124 ","$33,810,119 ","$107,063,093 ",2024
Bears,"$1,908,333 ","$10,108,475 ","$44,800,205 ","$18,045,000 ","$37,258,802 ","$112,120,815 ","$16,974,738 ","$29,191,082 ","$34,906,825 ","$16,371,144 ","$19,857,839 ","$117,301,628 ",2024
Jets,"$31,145,419 ","$5,167,668 ","$25,243,638 ","$12,831,864 ","$28,452,561 ","$102,841,150 ","$30,365,000 ","$42,818,796 ","$17,486,106 ","$2,818,334 ","$34,731,997 ","$128,220,233 ",2024
Buccaneers,"$9,813,743 ","$4,870,757 ","$38,475,157 ","$4,967,733 ","$40,539,889 ","$98,667,279 ","$34,264,885 ","$23,073,841 ","$12,515,906 ","$25,482,427 ","$19,867,962 ","$115,205,021 ",2024
Patriots,"$9,782,353 ","$9,860,324 ","$24,066,323 ","$9,243,529 ","$40,190,714 ","$93,143,243 ","$21,279,500 ","$31,504,284 ","$17,296,146 ","$23,342,500 ","$23,614,316 ","$117,036,746 ",2024
Commanders,"$7,970,000 ","$6,675,306 ","$36,534,003 ","$7,768,923 ","$32,098,307 ","$91,046,539 ","$46,998,370 ","$21,628,121 ","$12,909,056 ","$12,241,893 ","$17,259,100 ","$111,036,540 ",2024
Bills,"$33,381,281 ","$3,798,063 ","$11,479,775 ","$13,623,100 ","$28,687,911 ","$90,970,130 ","$19,428,666 ","$24,809,265 ","$17,571,169 ","$7,534,285 ","$36,401,447 ","$105,744,832 ",2024
Titans,"$6,325,973 ","$7,390,916 ","$38,033,485 ","$2,902,426 ","$23,458,626 ","$78,111,426 ","$29,314,607 ","$30,951,582 ","$12,455,000 ","$11,217,647 ","$31,734,885 ","$115,673,721 ",2024
Steelers,"$5,595,948 ","$6,730,460 ","$12,122,590 ","$5,073,661 ","$40,996,974 ","$70,519,633 ","$46,740,882 ","$47,046,694 ","$22,107,153 ","$32,480,000 ","$13,787,097 ","$162,161,826 ",2024
Chargers,"$21,433,175 ","$5,319,238 ","$8,743,625 ","$6,061,668 ","$27,795,212 ","$69,352,918 ","$11,137,795 ","$56,948,547 ","$6,305,417 ","$25,585,523 ","$10,522,182 ","$110,499,464 ",2024
Packers,"$14,668,776 ","$8,309,853 ","$10,726,143 ","$5,969,926 ","$27,400,395 ","$67,075,093 ","$37,968,714 ","$34,468,614 ","$21,307,758 ","$12,295,941 ","$37,047,077 ","$143,088,104 ",2024
Saints,"$52,649,520 ","$36,539,085 ","$10,606,050 ","$24,383,000 ","$62,823,037 ","$187,000,692 ","$14,559,605 ","$45,147,197 ","$14,622,229 ","$16,008,682 ","$35,618,720 ","$125,956,433 ",2025
Rams,"$52,664,783 ","$2,240,935 ","$31,831,245 ","$22,655,864 ","$65,728,003 ","$175,120,830 ","$42,076,515 ","$4,725,459 ",$0 ,"$9,016,764 ","$13,565,716 ","$69,384,454 ",2025
Browns,"$67,324,567 ","$2,280,537 ","$19,804,396 ","$11,789,000 ","$71,226,167 ","$172,424,667 ","$17,816,568 ","$37,393,421 ","$5,196,334 ","$12,704,666 ","$28,480,972 ","$101,591,961 ",2025
Chiefs,"$66,258,269 ","$2,086,443 ","$4,788,857 ","$19,801,944 ","$53,160,809 ","$146,096,322 ","$35,950,000 ","$8,118,606 ","$11,140,197 ","$3,078,295 ","$7,889,507 ","$66,176,605 ",2025
Texans,"$9,894,340 ","$11,763,858 ","$25,615,282 ","$15,174,037 ","$79,878,305 ","$142,325,822 ","$5,583,334 ","$47,386,699 ","$14,492,964 ","$3,809,139 ","$14,557,392 ","$85,829,528 ",2025
Seahawks,"$39,600,000 ","$5,613,964 ","$66,486,073 ","$13,500,000 ","$16,509,525 ","$141,709,562 ","$54,568,545 ","$27,819,282 ","$1,030,000 ","$8,973,700 ","$12,204,411 ","$104,595,938 ",2025
Falcons,"$40,000,000 ","$7,172,166 ","$26,553,878 ","$4,883,003 ","$62,738,847 ","$141,347,894 ","$34,875,000 ","$5,988,574 ","$10,442,046 ","$20,516,575 ","$1,223,383 ","$73,045,578 ",2025
Eagles,"$25,469,780 ","$6,521,000 ","$30,610,894 ","$14,884,118 ","$60,689,719 ","$138,175,511 ","$25,528,873 ","$36,237,659 ","$6,779,435 ","$5,578,938 ","$27,903,049 ","$102,027,954 ",2025
Giants,"$41,605,000 ","$7,341,245 ","$5,175,216 ","$16,757,028 ","$55,784,466 ","$126,662,955 ","$31,407,222 ","$39,721,513 ","$13,393,926 ","$2,345,569 ","$6,438,714 ","$93,306,944 ",2025
Panthers,"$13,252,384 ","$8,175,000 ","$10,832,438 ",$0 ,"$92,064,271 ","$124,324,093 ","$16,961,668 ","$24,772,167 ","$12,703,333 ","$1,112,383 ","$6,880,000 ","$62,429,551 ",2025
Bills,"$46,481,281 ","$1,855,657 ","$13,351,775 ","$17,729,920 ","$36,715,465 ","$116,134,098 ","$32,007,834 ","$29,874,000 ","$20,349,154 ","$4,704,166 ","$20,441,988 ","$107,377,142 ",2025
49ers,"$1,119,253 ","$14,344,000 ","$26,855,172 ","$24,581,543 ","$46,117,381 ","$113,017,349 ","$42,703,003 ","$43,246,202 ","$35,831,545 ","$5,443,249 ","$15,677,209 ","$142,901,208 ",2025
Raiders,"$15,157,345 ","$2,405,945 ","$60,538,902 ","$2,540,083 ","$28,312,991 ","$108,955,266 ","$35,346,012 ","$33,840,932 ",$0 ,"$2,162,524 ","$2,335,897 ","$73,685,365 ",2025
Buccaneers,"$35,775,000 ","$2,663,941 ","$46,273,158 ","$4,492,733 ","$18,816,283 ","$108,021,115 ","$32,285,978 ","$6,132,901 ","$2,139,332 ","$8,819,428 ","$18,454,433 ","$67,832,072 ",2025
Colts,"$9,271,099 ","$16,583,245 ","$26,606,006 ","$3,956,623 ","$46,417,723 ","$102,834,696 ","$24,420,185 ","$20,582,561 ","$7,500,000 ","$2,648,752 ","$16,197,744 ","$71,349,242 ",2025
Dolphins,"$1,120,552 ","$6,578,609 ","$38,449,998 ","$10,505,836 ","$46,126,863 ","$102,781,858 ","$12,287,000 ","$34,734,156 ","$11,655,197 ",$0 ,"$37,544,845 ","$96,221,198 ",2025
Jaguars,$0 ,"$1,470,796 ","$40,797,400 ","$21,417,548 ","$32,486,990 ","$96,172,734 ","$28,309,780 ","$11,891,290 ","$19,762,224 ","$11,892,958 ","$7,200,894 ","$79,057,146 ",2025
Cowboys,"$40,137,647 ","$3,690,001 ","$10,668,916 ","$3,945,314 ","$37,280,625 ","$95,722,503 ","$3,620,371 ","$11,588,134 ","$3,660,645 ","$17,570,000 ","$17,470,774 ","$53,909,924 ",2025
Ravens,"$44,680,000 ","$11,931,000 ","$3,828,120 ","$19,409,919 ","$15,809,346 ","$95,658,385 ","$24,455,483 ","$4,687,349 ","$23,973,955 ","$23,895,074 ","$30,143,965 ","$107,155,826 ",2025
Jets,"$30,300,000 ","$5,972,430 ","$28,704,911 ","$3,555,196 ","$18,934,979 ","$87,467,516 ","$28,040,000 ","$27,320,574 ","$20,762,392 ",$0 ,"$17,364,532 ","$93,487,498 ",2025
Titans,"$4,244,258 ","$11,270,489 ","$42,615,148 ","$2,337,426 ","$23,755,996 ","$84,223,317 ","$23,766,668 ","$35,341,668 ","$10,000,000 ","$11,670,000 ","$44,576,332 ","$125,354,668 ",2025
Cardinals,"$45,879,646 ","$4,118,333 ","$6,957,883 ","$2,004,437 ","$25,253,731 ","$84,214,030 ","$21,113,333 ","$3,981,640 ","$1,091,245 ","$13,747,750 ","$13,648,949 ","$53,582,917 ",2025
Bengals,"$46,250,000 ","$6,076,539 ","$2,269,542 ","$2,750,000 ","$26,812,220 ","$84,158,301 ","$14,084,677 ","$33,699,556 ","$17,951,334 ","$14,316,031 ","$4,624,226 ","$84,675,824 ",2025
Vikings,"$6,099,818 ","$4,374,711 ","$5,855,184 ","$24,524,000 ","$37,408,226 ","$78,261,939 ","$1,114,943 ","$35,743,334 ","$9,857,482 ","$16,196,501 ","$10,609,601 ","$73,521,861 ",2025
Broncos,$0 ,"$1,035,000 ","$24,980,082 ","$7,206,697 ","$44,388,043 ","$77,609,822 ","$26,256,988 ","$3,842,723 ","$8,897,352 ","$14,845,651 ","$2,780,419 ","$56,623,133 ",2025
Chargers,"$37,345,675 ","$5,534,238 ","$5,077,651 ","$5,875,000 ","$18,794,144 ","$72,626,708 ","$2,252,795 ","$48,166,363 ","$1,478,298 ","$33,315,361 ","$2,257,919 ","$87,470,736 ",2025
Bears,"$1,038,334 ","$10,555,505 ","$18,965,929 ","$18,100,000 ","$23,520,834 ","$72,180,602 ","$12,822,354 ","$26,253,582 ","$25,548,737 ","$15,514,653 ","$26,620,677 ","$106,760,003 ",2025
Patriots,"$1,100,000 ","$4,000,000 ","$22,417,895 ","$10,500,000 ","$29,566,628 ","$67,584,523 ","$1,142,869 ","$8,307,926 ","$12,710,709 ",$0 ,"$6,816,597 ","$28,978,101 ",2025
Commanders,$0 ,"$7,789,620 ","$30,823,113 ","$1,184,720 ","$27,075,961 ","$66,873,414 ","$52,658,393 ","$24,274,883 ",$0 ,"$6,825,298 ","$6,355,534 ","$90,114,108 ",2025
Lions,"$1,559,735 ","$11,991,856 ","$13,065,215 ","$3,742,275 ","$26,497,521 ","$56,856,602 ","$13,689,568 ","$16,124,197 ","$17,212,078 ","$3,792,945 ","$17,258,456 ","$68,077,244 ",2025
Packers,"$6,384,238 ","$11,325,000 ","$9,427,589 ","$4,851,911 ","$22,657,433 ","$54,646,171 ","$20,144,183 ","$49,963,982 ","$4,404,160 ","$18,650,941 ","$33,273,773 ","$126,437,039 ",2025
Steelers,$0 ,"$960,000 ","$7,124,508 ","$2,598,964 ","$15,775,577 ","$26,459,049 ","$20,433,653 ","$46,618,695 ","$27,659,653 ","$30,350,000 ","$3,674,295 ","$128,736,296 ",2025
Eagles,"$32,963,430 ","$9,081,000 ","$41,505,895 ","$23,832,000 ","$57,417,686 ","$164,800,011 ","$8,102,777 ","$15,548,769 ",$0 ,"$7,760,261 ","$47,285,198 ","$78,697,005 ",2026
Browns,"$65,207,567 ",$0 ,"$12,157,547 ","$24,331,000 ","$61,606,077 ","$163,302,191 ","$19,085,663 ","$44,850,982 ","$1,974,000 ","$17,301,000 ","$31,749,107 ","$114,960,752 ",2026
Rams,"$50,819,783 ","$1,178,333 ","$28,536,245 ","$12,390,868 ","$46,952,254 ","$139,877,483 ","$2,879,914 ","$4,177,970 ",$0 ,"$1,169,508 ","$9,861,631 ","$18,089,023 ",2026
Falcons,"$57,500,000 ","$6,986,810 ","$16,980,000 ","$5,750,000 ","$48,376,961 ","$135,593,771 ",$0 ,"$1,771,778 ",$0 ,"$19,691,575 ","$1,338,383 ","$22,801,736 ",2026
Saints,"$62,764,518 ","$9,420,099 ","$1,689,091 ","$5,328,000 ","$54,905,894 ","$134,107,602 ","$9,387,039 ","$34,453,230 ","$8,730,000 ","$9,420,682 ","$28,555,520 ","$90,546,471 ",2026
Texans,"$11,543,396 ","$10,500,000 ","$22,594,036 ","$14,000,000 ","$73,256,119 ","$131,893,551 ",$0 ,"$28,149,340 ","$14,906,245 ",$0 ,$0 ,"$43,055,585 ",2026
Bills,"$63,939,000 ",$0 ,"$10,950,987 ","$21,340,240 ","$29,704,237 ","$125,934,464 ","$24,875,000 ","$28,374,000 ","$17,859,711 ","$4,016,668 ","$11,060,000 ","$86,185,379 ",2026
Giants,"$58,605,000 ","$7,706,245 ","$1,789,873 ","$17,458,750 ","$34,177,879 ","$119,737,747 ","$28,300,358 ","$30,750,000 ","$12,205,000 ","$1,164,446 ","$5,503,100 ","$77,922,904 ",2026
Dolphins,$0 ,"$1,730,098 ","$56,308,750 ","$2,850,000 ","$44,096,863 ","$104,985,711 ","$11,497,000 ","$29,341,488 ","$10,050,000 ",$0 ,"$24,763,319 ","$75,651,807 ",2026
Chiefs,"$68,664,888 ","$1,081,668 ","$2,066,660 ",$0 ,"$26,433,112 ","$98,246,328 ","$41,100,000 ","$4,973,128 ","$7,500,000 ","$1,332,841 ","$1,164,446 ","$56,070,415 ",2026
Colts,"$10,816,282 ","$16,768,245 ","$30,756,509 ","$1,217,648 ","$26,717,677 ","$86,276,361 ","$14,250,000 ","$2,522,561 ","$8,255,000 ","$1,221,959 ","$17,176,486 ","$43,426,006 ",2026
Jets,"$65,400,000 ","$1,229,095 ","$13,184,000 ",$0 ,"$6,090,954 ","$85,904,049 ","$26,650,000 ","$9,321,257 ","$10,643,392 ",$0 ,"$1,186,096 ","$47,800,745 ",2026
Cardinals,"$54,493,333 ","$3,083,334 ","$7,705,588 ",$0 ,"$17,253,843 ","$82,536,098 ","$21,733,333 ","$2,735,605 ","$1,206,245 ","$4,017,750 ","$12,490,082 ","$42,183,015 ",2026
Ravens,"$74,650,000 ",$0 ,"$4,466,140 ",$0 ,"$2,358,826 ","$81,474,966 ","$38,694,000 ","$1,325,141 ","$29,219,614 ","$20,723,000 ","$22,927,000 ","$112,888,755 ",2026
Bengals,"$48,250,000 ","$1,216,539 ","$2,499,542 ","$2,850,000 ","$21,998,000 ","$76,814,081 ",$0 ,"$4,005,036 ","$9,550,000 ","$1,694,323 ","$3,125,177 ","$18,374,536 ",2026
49ers,$0 ,"$4,288,000 ","$9,657,446 ","$16,477,638 ","$45,041,781 ","$75,464,865 ","$31,250,000 ","$54,668,350 ","$29,052,779 ","$5,058,515 ","$1,223,378 ","$121,253,022 ",2026
Panthers,"$12,076,615 ","$6,975,000 ","$6,152,011 ",$0 ,"$42,387,934 ","$67,591,560 ","$10,555,000 ","$1,750,951 ","$7,833,334 ","$1,227,383 ",$0 ,"$21,366,668 ",2026
Raiders,"$4,272,345 ",$0 ,"$50,105,663 ","$2,963,430 ","$8,836,668 ","$66,178,106 ","$32,353,681 ","$34,977,546 ",$0 ,"$2,392,524 ","$1,350,897 ","$71,074,648 ",2026
Buccaneers,"$45,775,000 ",$0 ,"$14,263,824 ","$1,206,245 ","$2,381,741 ","$63,626,810 ","$27,876,021 ","$1,738,995 ","$1,224,332 ","$1,196,094 ","$15,784,000 ","$47,819,442 ",2026
Titans,"$3,036,143 ","$10,997,010 ","$27,920,674 ","$1,226,342 ","$19,977,145 ","$63,157,314 ","$25,473,000 ","$28,650,000 ",$0 ,$0 ,"$35,500,000 ","$89,623,000 ",2026
Chargers,"$46,345,675 ",$0 ,"$5,837,596 ","$5,500,000 ","$1,223,035 ","$58,906,306 ","$1,188,073 ","$2,090,894 ","$1,724,681 ","$24,606,494 ",$0 ,"$29,610,142 ",2026
Jaguars,$0 ,"$1,715,929 ","$26,111,066 ","$11,445,473 ","$18,020,903 ","$57,293,371 ","$41,751,780 ",$0 ,"$19,149,538 ","$10,770,458 ","$1,186,899 ","$72,858,675 ",2026
Vikings,"$1,214,818 ",$0 ,"$4,369,189 ","$22,448,000 ","$28,998,560 ","$57,030,567 ","$1,229,943 ","$26,500,000 ","$9,050,000 ","$5,508,386 ","$1,687,663 ","$43,975,992 ",2026
Patriots,$0 ,"$4,500,000 ","$10,270,153 ","$11,000,000 ","$28,912,000 ","$54,682,153 ",$0 ,"$7,478,691 ","$1,770,271 ",$0 ,"$5,970,879 ","$15,219,841 ",2026
Packers,"$1,226,045 ","$14,625,000 ","$3,505,429 ","$4,458,896 ","$24,800,000 ","$48,615,370 ","$2,534,989 ","$51,760,711 ",$0 ,"$20,265,941 ","$35,713,775 ","$110,275,416 ",2026
Broncos,$0 ,$0 ,"$1,930,929 ",$0 ,"$43,364,446 ","$45,295,375 ","$12,225,000 ","$1,075,000 ","$1,824,688 ","$9,777,390 ","$1,733,292 ","$26,635,370 ",2026
Lions,"$1,819,691 ","$6,802,999 ","$2,724,190 ","$3,011,909 ","$26,012,521 ","$40,371,310 ","$5,416,663 ",$0 ,"$4,684,279 ","$2,552,373 ",$0 ,"$12,653,315 ",2026
Cowboys,$0 ,"$1,178,333 ","$1,165,589 ","$1,993,943 ","$35,266,245 ","$39,604,110 ","$4,223,766 ","$1,317,689 ","$1,715,007 ","$10,650,000 ","$20,949,577 ","$38,856,039 ",2026
Bears,$0 ,"$10,170,506 ","$1,310,862 ","$11,600,000 ","$6,671,722 ","$29,753,090 ","$3,973,300 ","$25,085,294 ","$18,663,737 ",$0 ,"$24,266,085 ","$71,988,416 ",2026
Commanders,$0 ,"$1,189,423 ","$5,600,000 ",$0 ,"$21,199,276 ","$27,988,699 ","$28,010,000 ","$26,054,883 ",$0 ,"$2,430,217 ","$6,047,408 ","$62,542,508 ",2026
Seahawks,$0 ,"$3,355,556 ","$4,587,325 ",$0 ,"$2,570,112 ","$10,512,993 ","$26,276,877 ","$20,144,273 ",$0 ,"$1,188,700 ","$10,137,639 ","$57,747,489 ",2026
Steelers,$0 ,$0 ,$0 ,"$1,703,518 ","$6,454,653 ","$8,158,171 ","$2,333,267 ","$17,700,000 ","$18,506,565 ","$24,455,000 ","$4,226,493 ","$67,221,325 ",2026
Eagles,"$41,832,800 ","$19,308,000 ","$9,684,000 ",$0 ,"$30,952,000 ","$101,776,800 ",$0 ,"$27,506,000 ",$0 ,"$13,758,000 ",$0 ,"$41,264,000 ",2027
Bills,"$56,959,000 ",$0 ,"$1,725,000 ","$2,336,000 ","$23,070,000 ","$84,090,000 ","$22,650,000 ","$32,669,000 ","$4,889,000 ",$0 ,"$12,342,333 ","$72,550,333 ",2027
Falcons,"$57,500,000 ",$0 ,$0 ,$0 ,"$23,250,000 ","$80,750,000 ",$0 ,$0 ,$0 ,$0 ,$0 ,$0 ,2027
Ravens,"$74,650,000 ",$0 ,$0 ,$0 ,$0 ,"$74,650,000 ","$30,500,000 ",$0 ,"$27,500,000 ",$0 ,"$1,884,000 ","$59,884,000 ",2027
Chiefs,"$64,814,888 ",$0 ,$0 ,$0 ,$0 ,"$64,814,888 ","$34,350,000 ",$0 ,$0 ,$0 ,$0 ,"$34,350,000 ",2027
Chargers,"$58,345,675 ",$0 ,$0 ,$0 ,$0 ,"$58,345,675 ",$0 ,$0 ,$0 ,$0 ,$0 ,$0 ,2027
Bengals,"$52,250,000 ",$0 ,$0 ,$0 ,$0 ,"$52,250,000 ",$0 ,$0 ,"$10,215,000 ",$0 ,$0 ,"$10,215,000 ",2027
Saints,"$17,216,000 ",$0 ,$0 ,$0 ,"$30,809,000 ","$48,025,000 ",$0 ,"$16,750,000 ",$0 ,$0 ,"$8,200,000 ","$24,950,000 ",2027
Titans,$0 ,$0 ,"$27,250,000 ",$0 ,"$16,525,000 ","$43,775,000 ","$28,300,000 ",$0 ,$0 ,$0 ,"$21,400,000 ","$49,700,000 ",2027
Cardinals,"$43,535,000 ",$0 ,$0 ,$0 ,$0 ,"$43,535,000 ",$0 ,$0 ,$0 ,$0 ,$0 ,$0 ,2027
Panthers,$0 ,$0 ,$0 ,$0 ,"$41,050,000 ","$41,050,000 ",$0 ,$0 ,$0 ,$0 ,$0 ,$0 ,2027
Broncos,$0 ,$0 ,$0 ,$0 ,"$28,125,000 ","$28,125,000 ",$0 ,$0 ,$0 ,$0 ,$0 ,$0 ,2027
Texans,$0 ,$0 ,"$18,000,000 ",$0 ,"$8,366,000 ","$26,366,000 ",$0 ,$0 ,"$4,400,000 ",$0 ,$0 ,"$4,400,000 ",2027
Browns,"$8,984,000 ",$0 ,"$13,472,400 ",$0 ,$0 ,"$22,456,400 ","$21,067,000 ","$37,682,225 ",$0 ,"$16,927,000 ","$27,019,800 ","$102,696,025 ",2027
Giants,$0 ,$0 ,$0 ,$0 ,"$22,400,000 ","$22,400,000 ","$29,134,600 ","$32,500,000 ",$0 ,$0 ,$0 ,"$61,634,600 ",2027
Vikings,$0 ,$0 ,$0 ,"$21,600,000 ",$0 ,"$21,600,000 ",$0 ,"$22,300,000 ","$3,100,000 ",$0 ,$0 ,"$25,400,000 ",2027
Cowboys,$0 ,$0 ,$0 ,$0 ,"$20,000,000 ","$20,000,000 ",$0 ,$0 ,$0 ,$0 ,"$24,750,000 ","$24,750,000 ",2027
Packers,$0 ,"$16,625,000 ",$0 ,$0 ,$0 ,"$16,625,000 ",$0 ,"$32,688,135 ",$0 ,"$22,500,000 ","$2,364,000 ","$57,552,135 ",2027
Jaguars,$0 ,$0 ,"$10,400,000 ",$0 ,"$5,200,000 ","$15,600,000 ","$15,300,000 ",$0 ,"$15,840,000 ","$4,400,000 ",$0 ,"$35,540,000 ",2027
Bears,$0 ,$0 ,$0 ,"$11,600,000 ",$0 ,"$11,600,000 ",$0 ,"$25,085,295 ",$0 ,$0 ,"$21,000,000 ","$46,085,295 ",2027
Buccaneers,"$11,550,000 ",$0 ,$0 ,$0 ,$0 ,"$11,550,000 ","$2,284,000 ",$0 ,$0 ,$0 ,"$2,284,000 ","$4,568,000 ",2027
Commanders,$0 ,$0 ,$0 ,$0 ,"$7,756,000 ","$7,756,000 ","$5,600,000 ","$10,600,000 ",$0 ,$0 ,$0 ,"$16,200,000 ",2027
Dolphins,$0 ,$0 ,$0 ,$0 ,"$5,900,229 ","$5,900,229 ","$2,804,000 ","$29,674,000 ","$3,350,000 ",$0 ,$0 ,"$35,828,000 ",2027
49ers,$0 ,$0 ,$0 ,$0 ,"$4,329,000 ","$4,329,000 ","$10,090,000 ","$52,028,105 ","$9,479,000 ",$0 ,$0 ,"$71,597,105 ",2027
Jets,$0 ,$0 ,"$2,184,000 ",$0 ,$0 ,"$2,184,000 ","$30,400,000 ",$0 ,$0 ,$0 ,$0 ,"$30,400,000 ",2027
Lions,$0 ,$0 ,$0 ,$0 ,"$1,437,500 ","$1,437,500 ",$0 ,$0 ,$0 ,$0 ,$0 ,$0 ,2027
Colts,$0 ,$0 ,$0 ,$0 ,$0 ,$0 ,$0 ,$0 ,"$10,255,000 ",$0 ,$0 ,"$10,255,000 ",2027
Steelers,$0 ,$0 ,$0 ,$0 ,$0 ,$0 ,$0 ,"$18,700,000 ",$0 ,$0 ,$0 ,"$18,700,000 ",2027
Rams,$0 ,$0 ,$0 ,$0 ,$0 ,$0 ,$0 ,$0 ,$0 ,$0 ,$0 ,$0 ,2027
Raiders,$0 ,$0 ,$0 ,$0 ,$0 ,$0 ,"$30,550,000 ",$0 ,$0 ,$0 ,$0 ,"$30,550,000 ",2027
